checking_status,duration_months,credit_history,purpose,credit_amount,savings_account,employment_since,installment_rate_pct,personal_status,other_debtors,residence_since,property,age,other_installments,housing,existing_credits,job,num_dependents,telephone,foreign_worker,credit_risk
no_account,60,paid_duly,car_used,436,lt_100_DM,lt_1yr,4,male_single,none,1,savings,18,none,for_free,4,skilled,2,none,yes,1
gte_200_DM,60,paid_duly,radio_tv,15429,lt_100_DM,gte_7yrs,4,male_single,none,2,car,36,stores,rent,3,skilled,1,yes,yes,0
no_account,12,paid_duly,radio_tv,16210,lt_100_DM,lt_1yr,4,male_single,none,3,real_estate,29,bank,own,3,unskilled_r,1,none,yes,1
gte_200_DM,48,paid_duly,furniture,11710,unknown,gte_7yrs,2,male_married,none,1,unknown,48,none,own,3,skilled,2,yes,yes,1
0_200_DM,24,critical,education,18269,unknown,lt_1yr,1,male_married,none,4,real_estate,39,none,own,1,skilled,1,none,yes,0
0_200_DM,24,paid_duly,radio_tv,17560,lt_100_DM,gte_7yrs,2,male_single,none,4,car,52,none,for_free,2,unskilled_r,1,none,yes,0
lt_0_DM,6,paid_duly,car_new,12005,lt_100_DM,gte_7yrs,1,female_divorced,none,2,car,27,none,own,4,skilled,1,none,yes,1
lt_0_DM,60,existing_paid,radio_tv,9540,lt_100_DM,1_4yrs,2,male_single,none,1,unknown,18,stores,own,2,management,1,none,yes,0
lt_0_DM,12,paid_duly,car_new,5176,100_500_DM,1_4yrs,4,male_married,none,3,savings,36,none,own,1,skilled,1,none,yes,1
gte_200_DM,18,paid_duly,education,17491,lt_100_DM,unemployed,1,female_divorced,none,3,car,33,bank,own,4,management,1,none,yes,1
no_account,36,existing_paid,car_used,11338,100_500_DM,1_4yrs,2,male_single,none,2,car,18,none,rent,4,skilled,1,yes,yes,0
lt_0_DM,18,paid_duly,other,17218,unknown,lt_1yr,3,male_single,none,2,savings,23,none,own,4,skilled,1,none,no,1
no_account,36,critical,car_new,8557,lt_100_DM,1_4yrs,1,male_married,none,3,car,24,none,for_free,4,skilled,1,none,yes,0
0_200_DM,48,paid_duly,radio_tv,2426,100_500_DM,1_4yrs,1,female_divorced,none,2,real_estate,38,none,rent,1,skilled,1,yes,yes,0
0_200_DM,6,paid_duly,car_used,6931,lt_100_DM,1_4yrs,2,male_single,none,1,savings,29,bank,own,2,skilled,2,none,yes,1
0_200_DM,6,all_paid,car_used,8126,gte_1000_DM,lt_1yr,2,female_divorced,none,2,savings,51,stores,own,4,skilled,1,none,yes,1
no_account,12,paid_duly,car_new,9853,lt_100_DM,gte_7yrs,1,male_single,none,4,car,35,none,own,1,skilled,1,none,yes,1
no_account,24,paid_duly,education,11956,lt_100_DM,gte_7yrs,1,male_single,none,2,car,42,none,own,1,management,1,yes,yes,0
0_200_DM,12,existing_paid,other,14597,100_500_DM,1_4yrs,1,male_single,none,1,unknown,28,bank,own,2,skilled,2,none,yes,0
no_account,12,existing_paid,car_used,16705,lt_100_DM,lt_1yr,4,male_single,none,3,unknown,26,none,own,1,unskilled_nr,1,none,yes,1
0_200_DM,12,delayed,radio_tv,14791,100_500_DM,1_4yrs,2,male_single,none,1,savings,29,bank,own,3,skilled,1,yes,yes,0
gte_200_DM,36,existing_paid,radio_tv,8004,lt_100_DM,lt_1yr,1,male_divorced,none,1,real_estate,28,none,own,1,unskilled_r,1,yes,yes,0
lt_0_DM,12,paid_duly,car_new,11600,lt_100_DM,1_4yrs,4,female_divorced,none,3,car,43,none,own,2,unskilled_r,1,none,yes,1
no_account,18,paid_duly,car_new,12076,lt_100_DM,gte_7yrs,2,male_single,none,3,car,49,none,own,2,skilled,1,none,yes,1
no_account,12,delayed,car_new,13971,lt_100_DM,gte_7yrs,2,female_divorced,none,3,real_estate,37,none,rent,3,skilled,1,none,yes,1
0_200_DM,24,existing_paid,furniture,10015,lt_100_DM,1_4yrs,3,male_married,none,4,savings,20,none,rent,4,management,1,none,yes,0
lt_0_DM,24,paid_duly,car_new,4174,500_1000_DM,gte_7yrs,3,male_married,none,3,real_estate,32,none,own,4,skilled,1,none,yes,0
no_account,60,existing_paid,education,13917,lt_100_DM,gte_7yrs,2,female_divorced,none,3,car,18,none,for_free,4,skilled,2,none,yes,0
0_200_DM,6,paid_duly,car_new,9440,unknown,4_7yrs,1,male_single,none,3,car,27,none,for_free,3,skilled,2,none,yes,1
gte_200_DM,6,paid_duly,radio_tv,8204,unknown,gte_7yrs,1,male_married,guarantor,1,car,18,none,own,4,skilled,1,none,yes,1
lt_0_DM,36,paid_duly,car_used,4157,unknown,gte_7yrs,4,male_married,guarantor,2,unknown,39,none,own,1,skilled,1,yes,yes,0
0_200_DM,12,existing_paid,radio_tv,18215,lt_100_DM,1_4yrs,3,female_divorced,none,4,savings,38,none,own,3,management,1,yes,yes,0
lt_0_DM,24,paid_duly,other,13808,lt_100_DM,1_4yrs,4,male_single,none,4,real_estate,20,none,own,4,unskilled_r,1,none,yes,0
0_200_DM,48,existing_paid,radio_tv,4936,unknown,1_4yrs,2,male_single,none,1,savings,34,none,own,2,unskilled_r,2,none,yes,0
lt_0_DM,6,existing_paid,radio_tv,9893,lt_100_DM,4_7yrs,3,male_single,guarantor,1,unknown,41,none,own,4,skilled,1,yes,no,0
0_200_DM,12,paid_duly,furniture,11598,100_500_DM,4_7yrs,2,male_married,none,3,unknown,26,none,own,3,unskilled_r,1,none,yes,1
gte_200_DM,60,paid_duly,radio_tv,2373,100_500_DM,1_4yrs,2,male_single,none,1,savings,25,none,own,4,management,1,yes,yes,1
gte_200_DM,12,paid_duly,business,10022,lt_100_DM,unemployed,4,male_divorced,co_applicant,4,savings,44,none,own,1,management,2,yes,yes,1
no_account,24,critical,radio_tv,8764,lt_100_DM,gte_7yrs,1,male_married,none,2,car,26,none,own,2,skilled,1,none,yes,0
lt_0_DM,36,paid_duly,other,11958,500_1000_DM,gte_7yrs,3,male_single,none,2,car,48,none,for_free,3,management,1,none,yes,0
no_account,12,paid_duly,furniture,16709,lt_100_DM,gte_7yrs,1,male_single,guarantor,4,real_estate,33,bank,own,2,unskilled_r,2,yes,yes,1
0_200_DM,60,paid_duly,furniture,5324,unknown,unemployed,4,male_married,none,4,real_estate,55,none,own,2,skilled,1,yes,yes,0
lt_0_DM,18,existing_paid,car_used,441,lt_100_DM,gte_7yrs,4,male_married,none,4,real_estate,48,none,own,3,skilled,1,yes,yes,1
no_account,24,paid_duly,car_new,16876,100_500_DM,1_4yrs,4,male_married,none,2,savings,35,none,own,2,skilled,1,yes,yes,0
0_200_DM,60,existing_paid,car_used,14593,500_1000_DM,1_4yrs,4,female_divorced,none,4,car,20,none,for_free,4,skilled,1,none,yes,0
gte_200_DM,24,paid_duly,car_used,7385,lt_100_DM,gte_7yrs,2,male_single,none,3,unknown,39,none,own,1,management,2,yes,yes,1
no_account,48,delayed,radio_tv,1367,gte_1000_DM,1_4yrs,4,male_married,none,4,car,29,none,own,1,skilled,1,none,yes,1
lt_0_DM,18,delayed,radio_tv,4367,lt_100_DM,unemployed,2,male_married,none,4,car,24,bank,for_free,3,skilled,1,yes,yes,1
no_account,60,delayed,car_new,7095,lt_100_DM,1_4yrs,1,male_married,none,3,savings,44,bank,own,1,skilled,1,none,yes,0
lt_0_DM,6,paid_duly,furniture,18133,lt_100_DM,4_7yrs,1,male_single,none,3,unknown,52,none,rent,4,skilled,2,yes,yes,1
gte_200_DM,60,paid_duly,radio_tv,12124,lt_100_DM,1_4yrs,3,male_married,none,4,car,42,none,own,2,skilled,1,none,yes,0
gte_200_DM,36,delayed,radio_tv,1174,lt_100_DM,gte_7yrs,3,male_single,none,1,car,33,none,own,3,skilled,1,none,yes,1
0_200_DM,12,paid_duly,radio_tv,9332,lt_100_DM,1_4yrs,2,male_married,none,3,unknown,41,none,rent,4,unskilled_r,1,yes,no,1
lt_0_DM,6,paid_duly,furniture,8931,lt_100_DM,1_4yrs,3,male_single,none,4,car,31,none,own,2,unskilled_r,2,yes,yes,1
0_200_DM,36,existing_paid,furniture,6581,lt_100_DM,lt_1yr,2,male_married,none,2,savings,35,none,own,2,skilled,1,none,yes,0
lt_0_DM,18,paid_duly,radio_tv,6134,unknown,gte_7yrs,1,male_single,none,1,savings,33,none,own,4,skilled,1,yes,yes,1
no_account,48,paid_duly,business,2034,lt_100_DM,1_4yrs,4,female_divorced,none,4,car,25,stores,own,2,unskilled_r,1,none,yes,1
no_account,6,paid_duly,radio_tv,9710,100_500_DM,1_4yrs,2,male_single,none,4,real_estate,46,none,rent,3,skilled,1,none,yes,1
gte_200_DM,48,paid_duly,radio_tv,5087,lt_100_DM,lt_1yr,2,male_married,none,2,real_estate,27,none,own,4,skilled,2,yes,yes,0
lt_0_DM,6,paid_duly,furniture,12865,lt_100_DM,gte_7yrs,2,male_married,none,2,unknown,23,none,rent,2,management,2,none,yes,1
gte_200_DM,48,paid_duly,furniture,12455,lt_100_DM,4_7yrs,1,male_married,none,1,savings,44,none,own,1,skilled,1,yes,yes,0
gte_200_DM,6,existing_paid,other,14866,unknown,lt_1yr,1,female_divorced,none,2,real_estate,46,stores,rent,1,skilled,1,none,yes,1
lt_0_DM,6,existing_paid,car_new,7242,lt_100_DM,1_4yrs,3,male_single,none,1,car,29,bank,own,4,skilled,1,yes,yes,0
no_account,18,paid_duly,other,13421,lt_100_DM,gte_7yrs,1,male_single,none,2,car,40,none,own,3,unskilled_r,1,yes,yes,1
lt_0_DM,6,paid_duly,other,3215,lt_100_DM,gte_7yrs,3,male_single,none,4,unknown,22,none,own,4,skilled,1,yes,yes,1
no_account,12,all_paid,car_new,13603,lt_100_DM,unemployed,4,male_single,none,3,real_estate,39,none,rent,2,skilled,1,none,yes,1
lt_0_DM,12,paid_duly,car_used,8636,lt_100_DM,1_4yrs,4,male_married,none,2,savings,18,none,own,2,management,1,yes,yes,1
lt_0_DM,12,delayed,car_new,14196,lt_100_DM,4_7yrs,2,male_single,none,4,car,39,stores,own,4,unskilled_r,1,none,yes,0
gte_200_DM,60,paid_duly,car_new,2690,lt_100_DM,4_7yrs,2,female_divorced,guarantor,3,savings,37,none,own,3,skilled,1,yes,yes,1
no_account,24,paid_duly,business,6720,lt_100_DM,4_7yrs,2,male_single,co_applicant,2,car,41,none,own,1,skilled,2,yes,yes,1
gte_200_DM,48,paid_duly,car_used,547,lt_100_DM,4_7yrs,1,male_single,none,1,car,27,none,for_free,3,skilled,1,yes,yes,1
no_account,24,critical,radio_tv,11809,lt_100_DM,gte_7yrs,4,female_divorced,none,2,savings,26,stores,own,3,skilled,1,none,yes,0
gte_200_DM,18,paid_duly,car_used,6615,gte_1000_DM,gte_7yrs,2,female_divorced,none,4,unknown,46,none,own,2,skilled,2,yes,yes,1
gte_200_DM,60,existing_paid,car_used,7105,lt_100_DM,lt_1yr,3,male_single,none,1,real_estate,30,none,own,4,skilled,2,yes,yes,0
lt_0_DM,6,paid_duly,radio_tv,11401,lt_100_DM,gte_7yrs,4,male_married,none,1,savings,45,none,own,1,skilled,1,yes,yes,1
no_account,12,critical,furniture,8847,unknown,gte_7yrs,3,male_single,none,3,unknown,18,none,own,2,skilled,1,yes,yes,1
gte_200_DM,6,paid_duly,car_new,18461,lt_100_DM,gte_7yrs,2,male_married,none,4,car,43,none,own,1,management,1,none,yes,1
no_account,18,paid_duly,radio_tv,12114,lt_100_DM,lt_1yr,1,male_married,none,3,car,28,none,own,1,skilled,1,none,yes,1
gte_200_DM,48,paid_duly,radio_tv,6783,100_500_DM,4_7yrs,4,male_married,none,4,savings,45,none,own,4,unskilled_r,1,none,yes,0
lt_0_DM,48,paid_duly,radio_tv,1265,500_1000_DM,1_4yrs,2,male_divorced,none,3,real_estate,18,stores,rent,4,unskilled_r,1,none,yes,0
gte_200_DM,18,paid_duly,radio_tv,18493,100_500_DM,lt_1yr,3,male_single,none,3,car,33,stores,rent,3,management,1,yes,yes,1
0_200_DM,6,critical,radio_tv,17038,unknown,4_7yrs,4,female_divorced,none,2,car,35,bank,own,3,unskilled_r,2,none,yes,0
0_200_DM,24,delayed,car_new,12970,500_1000_DM,gte_7yrs,4,male_single,none,3,car,36,none,own,4,skilled,1,none,yes,0
lt_0_DM,24,existing_paid,radio_tv,16473,lt_100_DM,lt_1yr,3,male_married,none,1,savings,40,stores,rent,1,skilled,1,none,yes,0
no_account,60,paid_duly,radio_tv,14562,lt_100_DM,1_4yrs,2,male_single,none,4,real_estate,46,none,own,2,skilled,1,yes,yes,0
no_account,12,paid_duly,car_new,13633,lt_100_DM,1_4yrs,2,male_married,none,4,real_estate,26,bank,own,3,management,1,none,yes,1
no_account,12,delayed,education,6555,lt_100_DM,1_4yrs,1,male_single,none,2,savings,29,none,for_free,4,skilled,1,none,yes,1
gte_200_DM,36,paid_duly,furniture,16132,gte_1000_DM,1_4yrs,2,male_single,none,2,real_estate,18,stores,own,4,management,1,yes,yes,1
0_200_DM,6,paid_duly,car_new,12422,lt_100_DM,unemployed,2,female_divorced,none,4,unknown,19,none,own,3,skilled,1,yes,yes,1
no_account,48,delayed,radio_tv,6888,lt_100_DM,gte_7yrs,1,male_single,none,4,savings,18,none,own,1,skilled,1,yes,yes,0
0_200_DM,18,paid_duly,furniture,7119,lt_100_DM,gte_7yrs,1,female_divorced,none,4,real_estate,35,stores,own,1,unskilled_r,1,yes,yes,1
lt_0_DM,48,existing_paid,car_new,17190,gte_1000_DM,4_7yrs,4,male_single,none,3,real_estate,45,stores,own,4,skilled,1,yes,yes,0
0_200_DM,60,existing_paid,car_new,5810,lt_100_DM,unemployed,1,male_single,none,3,car,40,none,own,1,skilled,1,none,yes,0
no_account,18,existing_paid,car_new,7621,lt_100_DM,1_4yrs,4,male_married,none,2,savings,23,none,own,3,skilled,1,yes,yes,1
lt_0_DM,48,paid_duly,radio_tv,625,lt_100_DM,gte_7yrs,2,male_single,none,3,real_estate,34,bank,own,4,unskilled_r,1,none,yes,0
no_account,6,paid_duly,car_new,16245,gte_1000_DM,1_4yrs,3,male_married,none,3,savings,37,none,own,1,unskilled_r,1,none,yes,1
gte_200_DM,36,existing_paid,car_new,12879,lt_100_DM,gte_7yrs,1,male_single,none,1,real_estate,23,none,rent,2,unskilled_r,1,yes,yes,0
gte_200_DM,12,existing_paid,car_new,13900,unknown,unemployed,1,male_married,none,3,savings,51,none,own,3,skilled,1,yes,yes,1
no_account,24,paid_duly,car_new,548,lt_100_DM,4_7yrs,4,male_single,none,3,savings,38,none,own,1,management,2,none,yes,1
lt_0_DM,48,paid_duly,radio_tv,16329,lt_100_DM,gte_7yrs,3,male_single,none,4,savings,44,none,own,2,skilled,1,none,yes,0
gte_200_DM,6,paid_duly,radio_tv,527,lt_100_DM,gte_7yrs,3,male_divorced,none,4,unknown,41,stores,own,2,unskilled_r,1,yes,yes,1
lt_0_DM,24,paid_duly,car_new,9923,lt_100_DM,1_4yrs,1,male_single,none,1,car,18,none,own,3,unskilled_r,1,none,no,0
0_200_DM,24,paid_duly,radio_tv,16913,unknown,gte_7yrs,1,male_single,none,3,savings,23,bank,for_free,4,skilled,2,yes,yes,0
0_200_DM,12,existing_paid,furniture,9525,lt_100_DM,lt_1yr,4,female_divorced,none,1,real_estate,24,stores,own,4,unskilled_r,1,none,yes,0
no_account,18,existing_paid,car_new,14032,unknown,gte_7yrs,1,male_married,none,3,real_estate,39,stores,for_free,1,skilled,1,none,yes,1
lt_0_DM,36,paid_duly,furniture,16476,lt_100_DM,4_7yrs,2,male_single,none,1,savings,39,none,own,2,skilled,1,yes,yes,0
0_200_DM,12,paid_duly,car_new,17005,lt_100_DM,1_4yrs,3,female_divorced,none,4,real_estate,45,none,own,2,skilled,1,yes,yes,1
no_account,18,existing_paid,car_used,16777,unknown,4_7yrs,1,male_single,co_applicant,2,savings,42,none,own,4,skilled,1,none,no,1
lt_0_DM,48,paid_duly,radio_tv,6081,lt_100_DM,1_4yrs,3,female_divorced,none,2,unknown,34,none,rent,1,skilled,1,none,yes,0
lt_0_DM,48,paid_duly,radio_tv,6259,lt_100_DM,1_4yrs,3,female_divorced,none,3,real_estate,45,none,own,1,management,1,yes,yes,0
0_200_DM,60,delayed,radio_tv,3235,lt_100_DM,1_4yrs,1,male_married,none,1,car,40,none,rent,4,management,1,yes,yes,0
gte_200_DM,12,existing_paid,other,17740,unknown,gte_7yrs,3,male_single,none,2,real_estate,40,stores,rent,3,unskilled_r,1,none,yes,1
0_200_DM,60,existing_paid,furniture,11247,lt_100_DM,1_4yrs,2,male_single,none,1,car,20,stores,for_free,1,skilled,1,none,yes,0
0_200_DM,48,existing_paid,car_new,11098,lt_100_DM,4_7yrs,1,male_married,none,2,unknown,46,none,own,1,skilled,1,none,yes,0
lt_0_DM,12,existing_paid,furniture,13345,lt_100_DM,lt_1yr,2,male_single,none,2,unknown,47,none,own,2,skilled,1,none,yes,0
lt_0_DM,60,existing_paid,business,9704,lt_100_DM,lt_1yr,4,male_single,none,3,unknown,18,none,own,3,management,1,yes,yes,0
0_200_DM,18,existing_paid,furniture,9056,lt_100_DM,lt_1yr,3,male_single,none,1,car,41,stores,rent,1,skilled,1,none,yes,0
no_account,6,critical,radio_tv,15448,lt_100_DM,1_4yrs,3,male_single,none,3,car,33,none,own,2,skilled,2,yes,yes,1
0_200_DM,36,existing_paid,business,4167,lt_100_DM,gte_7yrs,1,female_divorced,none,3,savings,57,none,own,2,skilled,1,none,yes,0
0_200_DM,24,paid_duly,radio_tv,7632,unknown,unemployed,3,male_married,none,1,car,26,none,own,3,skilled,1,none,yes,0
lt_0_DM,36,paid_duly,education,8597,lt_100_DM,4_7yrs,2,male_single,none,1,real_estate,52,none,own,4,skilled,2,none,yes,0
lt_0_DM,6,paid_duly,business,11704,500_1000_DM,lt_1yr,3,male_single,none,4,real_estate,21,bank,own,3,unskilled_r,2,none,yes,1
no_account,36,paid_duly,furniture,16858,unknown,gte_7yrs,3,male_single,none,1,car,37,none,rent,2,skilled,1,yes,yes,1
lt_0_DM,18,paid_duly,radio_tv,18300,lt_100_DM,unemployed,4,male_single,none,4,unknown,26,none,own,3,unskilled_r,1,none,yes,1
no_account,6,existing_paid,education,11401,100_500_DM,1_4yrs,3,male_single,none,2,unknown,55,none,own,2,unskilled_r,1,none,yes,1
lt_0_DM,18,existing_paid,education,10421,lt_100_DM,4_7yrs,4,male_single,none,4,real_estate,51,bank,for_free,2,unskilled_r,1,yes,yes,0
no_account,6,paid_duly,car_new,11654,500_1000_DM,gte_7yrs,2,male_single,none,1,real_estate,18,none,own,4,skilled,1,yes,yes,1
no_account,24,paid_duly,radio_tv,11155,lt_100_DM,1_4yrs,3,male_single,none,2,savings,30,stores,own,3,management,1,yes,yes,0
lt_0_DM,6,paid_duly,radio_tv,5546,lt_100_DM,4_7yrs,4,male_married,none,4,savings,52,none,own,4,management,2,none,yes,1
gte_200_DM,48,critical,other,1420,lt_100_DM,1_4yrs,3,male_single,none,2,real_estate,20,none,own,2,unskilled_r,1,none,yes,1
gte_200_DM,60,paid_duly,radio_tv,12716,lt_100_DM,4_7yrs,4,male_divorced,guarantor,3,real_estate,47,none,own,1,skilled,1,none,yes,1
0_200_DM,6,paid_duly,business,6501,unknown,lt_1yr,2,male_married,none,1,real_estate,24,none,own,2,unskilled_r,1,none,yes,1
lt_0_DM,12,critical,car_new,11020,500_1000_DM,lt_1yr,4,male_single,none,4,car,18,none,for_free,4,skilled,1,none,yes,0
0_200_DM,18,paid_duly,radio_tv,17520,unknown,lt_1yr,3,male_married,none,4,savings,25,none,own,3,management,1,none,yes,1
lt_0_DM,18,paid_duly,other,5616,lt_100_DM,4_7yrs,2,male_single,none,4,savings,18,bank,own,4,unskilled_r,1,none,yes,1
gte_200_DM,60,paid_duly,radio_tv,6763,lt_100_DM,lt_1yr,1,male_married,none,1,unknown,36,none,own,3,skilled,1,yes,yes,1
lt_0_DM,6,paid_duly,furniture,1939,lt_100_DM,1_4yrs,1,male_married,none,4,savings,51,none,own,2,skilled,1,yes,yes,1
0_200_DM,36,existing_paid,radio_tv,16529,gte_1000_DM,1_4yrs,1,male_single,none,4,real_estate,44,none,own,2,skilled,1,none,yes,0
0_200_DM,24,existing_paid,education,7781,100_500_DM,4_7yrs,3,male_single,none,1,savings,39,none,own,1,management,1,none,yes,0
no_account,48,existing_paid,car_new,17128,lt_100_DM,4_7yrs,4,male_married,none,3,unknown,47,stores,own,1,skilled,1,none,yes,0
gte_200_DM,18,paid_duly,car_used,6117,unknown,1_4yrs,3,male_single,none,2,car,18,none,rent,2,skilled,1,yes,yes,1
no_account,6,paid_duly,radio_tv,12123,lt_100_DM,1_4yrs,2,male_married,none,4,unknown,47,none,own,4,skilled,1,none,yes,1
gte_200_DM,18,delayed,car_new,7004,unknown,1_4yrs,1,male_married,none,3,savings,34,bank,own,2,skilled,1,yes,yes,1
0_200_DM,18,existing_paid,furniture,6344,lt_100_DM,gte_7yrs,3,male_single,none,1,unknown,38,bank,rent,2,skilled,1,none,yes,0
no_account,24,paid_duly,car_used,8155,lt_100_DM,lt_1yr,4,male_single,none,2,savings,18,stores,own,3,management,1,yes,yes,1
lt_0_DM,18,delayed,car_new,5077,lt_100_DM,4_7yrs,4,male_married,none,2,real_estate,45,stores,own,4,unskilled_r,1,none,yes,0
lt_0_DM,6,existing_paid,radio_tv,4328,unknown,lt_1yr,4,male_married,none,3,savings,18,none,own,1,skilled,1,yes,yes,1
no_account,60,critical,radio_tv,14496,500_1000_DM,gte_7yrs,1,male_single,none,4,real_estate,25,none,own,4,skilled,1,none,yes,0
lt_0_DM,12,existing_paid,radio_tv,3026,lt_100_DM,1_4yrs,4,male_single,none,4,car,58,none,for_free,2,skilled,1,none,yes,1
0_200_DM,36,paid_duly,car_used,10243,lt_100_DM,1_4yrs,2,male_married,none,1,real_estate,40,none,own,2,management,1,none,yes,0
no_account,36,paid_duly,car_new,2006,100_500_DM,1_4yrs,3,male_single,none,1,real_estate,26,none,own,1,skilled,1,none,yes,1
0_200_DM,48,paid_duly,furniture,9470,unknown,gte_7yrs,3,male_single,none,4,unknown,32,none,own,2,skilled,1,none,yes,0
gte_200_DM,36,delayed,furniture,15838,lt_100_DM,gte_7yrs,1,female_divorced,none,4,real_estate,66,none,own,3,unskilled_r,1,none,yes,0
0_200_DM,48,existing_paid,radio_tv,1502,lt_100_DM,gte_7yrs,3,male_single,none,3,car,22,none,own,2,management,1,none,yes,0
lt_0_DM,18,paid_duly,radio_tv,4774,unknown,unemployed,3,male_single,none,3,savings,36,stores,own,1,skilled,1,none,yes,1
lt_0_DM,60,existing_paid,car_new,4901,lt_100_DM,4_7yrs,1,male_married,none,4,real_estate,41,none,own,2,unskilled_r,1,none,yes,0
gte_200_DM,12,paid_duly,radio_tv,2143,lt_100_DM,1_4yrs,4,male_married,none,3,savings,39,none,rent,1,skilled,1,none,yes,1
lt_0_DM,6,delayed,car_new,2235,lt_100_DM,gte_7yrs,1,male_married,none,1,unknown,32,none,rent,3,unskilled_r,1,none,yes,1
lt_0_DM,6,existing_paid,car_new,13407,gte_1000_DM,lt_1yr,1,male_single,co_applicant,4,unknown,23,none,rent,1,skilled,1,yes,yes,0
lt_0_DM,24,paid_duly,car_used,14281,500_1000_DM,lt_1yr,3,female_divorced,none,3,real_estate,32,none,own,2,skilled,1,none,yes,0
lt_0_DM,36,existing_paid,car_new,5808,500_1000_DM,gte_7yrs,2,male_single,co_applicant,1,car,45,none,own,2,skilled,1,none,yes,0
0_200_DM,60,delayed,furniture,6969,lt_100_DM,lt_1yr,2,male_single,none,2,savings,32,none,own,2,unskilled_r,2,none,yes,0
gte_200_DM,18,existing_paid,radio_tv,2288,gte_1000_DM,1_4yrs,1,male_single,none,2,car,21,none,own,1,unskilled_r,1,yes,yes,1
no_account,12,paid_duly,education,12911,gte_1000_DM,gte_7yrs,1,male_married,none,2,real_estate,24,bank,own,4,skilled,1,none,yes,1
no_account,6,existing_paid,car_used,17131,500_1000_DM,gte_7yrs,3,male_single,none,2,unknown,59,none,rent,2,skilled,1,yes,yes,1
0_200_DM,24,existing_paid,radio_tv,9371,lt_100_DM,4_7yrs,4,male_married,none,3,real_estate,19,none,rent,2,skilled,1,yes,yes,0
0_200_DM,18,existing_paid,other,16099,unknown,lt_1yr,1,male_married,none,4,unknown,19,bank,own,3,unskilled_r,1,none,yes,0
no_account,60,existing_paid,furniture,10410,unknown,unemployed,2,male_single,none,3,car,26,none,own,3,unskilled_nr,1,none,yes,0
lt_0_DM,60,paid_duly,radio_tv,13429,lt_100_DM,1_4yrs,3,male_single,none,1,car,18,none,for_free,4,unskilled_r,2,none,yes,0
lt_0_DM,18,existing_paid,radio_tv,14168,lt_100_DM,1_4yrs,3,male_single,none,4,savings,20,bank,own,1,skilled,1,none,yes,0
no_account,24,existing_paid,business,13198,lt_100_DM,1_4yrs,4,female_divorced,none,3,real_estate,29,none,own,3,management,2,none,yes,0
0_200_DM,36,paid_duly,other,13276,lt_100_DM,gte_7yrs,4,male_single,none,2,real_estate,35,bank,own,1,unskilled_r,1,none,yes,0
0_200_DM,48,existing_paid,car_used,14664,lt_100_DM,gte_7yrs,3,male_married,none,3,unknown,52,bank,own,4,unskilled_r,1,none,yes,0
0_200_DM,12,paid_duly,furniture,17976,unknown,1_4yrs,2,male_single,none,4,car,42,none,own,4,unskilled_r,1,yes,yes,1
0_200_DM,36,paid_duly,radio_tv,2312,lt_100_DM,4_7yrs,3,male_single,co_applicant,1,savings,37,none,rent,2,unskilled_r,1,yes,yes,0
0_200_DM,36,existing_paid,radio_tv,10605,lt_100_DM,gte_7yrs,4,male_single,none,1,unknown,27,none,own,4,skilled,1,none,yes,0
lt_0_DM,12,existing_paid,radio_tv,14930,unknown,gte_7yrs,3,male_single,none,1,real_estate,37,none,own,1,skilled,2,none,yes,0
no_account,6,existing_paid,car_new,11868,lt_100_DM,4_7yrs,1,male_married,none,3,real_estate,37,none,own,3,management,1,none,yes,1
no_account,24,delayed,radio_tv,512,lt_100_DM,4_7yrs,4,male_married,none,2,car,24,none,own,2,skilled,1,yes,yes,1
no_account,36,existing_paid,car_new,13151,100_500_DM,gte_7yrs,4,male_married,none,4,real_estate,31,none,own,4,skilled,2,none,yes,0
gte_200_DM,60,existing_paid,other,17945,lt_100_DM,1_4yrs,4,male_married,none,1,real_estate,32,none,own,2,skilled,1,yes,yes,0
gte_200_DM,60,existing_paid,car_used,17608,100_500_DM,unemployed,3,male_single,none,3,real_estate,33,none,for_free,3,skilled,1,none,yes,0
0_200_DM,36,paid_duly,radio_tv,586,100_500_DM,gte_7yrs,1,male_single,none,1,savings,21,none,rent,4,skilled,1,none,yes,0
lt_0_DM,48,paid_duly,furniture,11987,gte_1000_DM,gte_7yrs,3,male_single,none,1,real_estate,30,none,own,2,skilled,1,yes,yes,0
0_200_DM,18,existing_paid,car_new,969,lt_100_DM,1_4yrs,4,male_married,none,1,car,42,none,own,3,management,1,yes,yes,1
lt_0_DM,6,paid_duly,car_new,2064,unknown,gte_7yrs,4,male_single,none,2,car,22,none,own,1,skilled,1,none,yes,1
no_account,6,paid_duly,furniture,12642,100_500_DM,gte_7yrs,3,male_single,none,2,unknown,28,bank,own,4,unskilled_r,1,none,yes,1
lt_0_DM,36,paid_duly,business,10885,lt_100_DM,1_4yrs,4,male_divorced,none,2,savings,35,none,own,3,unskilled_r,1,yes,yes,0
no_account,36,paid_duly,radio_tv,13409,lt_100_DM,1_4yrs,1,male_married,none,4,savings,38,none,rent,4,skilled,2,none,yes,0
gte_200_DM,60,existing_paid,furniture,7178,lt_100_DM,1_4yrs,1,male_single,none,3,real_estate,28,bank,own,2,skilled,1,none,yes,0
lt_0_DM,48,existing_paid,furniture,6769,unknown,4_7yrs,1,male_married,none,2,savings,40,none,own,1,unskilled_r,1,none,yes,0
no_account,36,all_paid,car_new,18436,lt_100_DM,1_4yrs,2,male_married,none,4,unknown,27,none,own,4,management,1,none,yes,0
lt_0_DM,48,critical,radio_tv,7461,lt_100_DM,lt_1yr,1,male_single,none,3,real_estate,45,none,own,2,skilled,1,none,yes,0
gte_200_DM,48,existing_paid,car_used,2060,lt_100_DM,unemployed,2,male_single,co_applicant,1,car,35,none,own,2,skilled,1,yes,yes,1
no_account,18,paid_duly,furniture,15769,lt_100_DM,1_4yrs,1,male_single,none,1,savings,41,none,own,3,unskilled_r,1,none,yes,1
lt_0_DM,6,critical,radio_tv,10905,unknown,gte_7yrs,2,male_divorced,none,3,car,39,bank,rent,3,skilled,1,yes,yes,0
lt_0_DM,48,all_paid,radio_tv,3553,lt_100_DM,gte_7yrs,3,male_divorced,none,3,savings,38,none,for_free,3,skilled,1,none,yes,0
lt_0_DM,36,existing_paid,car_used,15127,500_1000_DM,lt_1yr,1,male_married,none,4,real_estate,36,none,own,4,skilled,1,yes,yes,0
lt_0_DM,60,existing_paid,education,11945,500_1000_DM,1_4yrs,2,male_single,none,4,car,30,none,rent,4,skilled,2,yes,yes,0
lt_0_DM,18,existing_paid,car_new,8252,lt_100_DM,4_7yrs,1,male_single,none,2,car,42,stores,own,4,unskilled_r,1,none,yes,0
0_200_DM,36,paid_duly,radio_tv,7374,100_500_DM,1_4yrs,1,male_married,none,2,savings,59,none,rent,4,skilled,1,none,yes,0
no_account,18,paid_duly,furniture,12677,unknown,1_4yrs,2,male_single,co_applicant,3,car,27,none,own,3,skilled,1,none,yes,1
lt_0_DM,48,delayed,car_new,3036,lt_100_DM,1_4yrs,4,male_married,none,3,savings,36,none,own,4,skilled,2,yes,yes,0
lt_0_DM,6,paid_duly,car_new,9225,500_1000_DM,1_4yrs,3,male_single,none,4,car,18,none,own,3,skilled,1,none,yes,1
gte_200_DM,18,paid_duly,furniture,10053,lt_100_DM,1_4yrs,3,male_single,none,1,car,18,none,own,3,management,1,yes,yes,1
no_account,18,existing_paid,car_used,8024,lt_100_DM,gte_7yrs,3,male_single,none,2,real_estate,37,bank,own,1,skilled,1,yes,yes,1
0_200_DM,18,existing_paid,car_new,7042,100_500_DM,lt_1yr,2,male_married,none,2,savings,56,bank,own,2,unskilled_r,1,none,yes,0
0_200_DM,18,paid_duly,car_new,18358,lt_100_DM,4_7yrs,1,male_married,none,3,savings,24,none,rent,3,skilled,1,yes,yes,1
no_account,12,paid_duly,radio_tv,4121,gte_1000_DM,gte_7yrs,2,male_single,co_applicant,1,real_estate,39,none,own,2,skilled,1,yes,yes,1
lt_0_DM,36,paid_duly,car_new,4353,lt_100_DM,lt_1yr,2,male_married,none,1,unknown,37,none,own,4,skilled,1,yes,yes,0
no_account,24,critical,business,7493,lt_100_DM,1_4yrs,3,male_single,none,3,real_estate,33,none,own,3,unskilled_nr,1,yes,yes,0
gte_200_DM,18,existing_paid,car_new,14615,lt_100_DM,1_4yrs,2,male_married,co_applicant,3,car,27,none,for_free,3,skilled,1,yes,yes,1
0_200_DM,48,all_paid,other,17478,gte_1000_DM,1_4yrs,4,male_single,none,4,real_estate,22,bank,rent,2,management,2,none,yes,0
lt_0_DM,24,paid_duly,furniture,11150,unknown,lt_1yr,4,male_married,none,3,real_estate,19,none,own,2,management,1,yes,yes,0
0_200_DM,24,paid_duly,business,10588,lt_100_DM,gte_7yrs,4,male_divorced,none,4,real_estate,23,stores,own,2,skilled,1,yes,yes,0
gte_200_DM,36,paid_duly,furniture,13624,lt_100_DM,1_4yrs,3,male_single,none,3,real_estate,30,none,own,3,skilled,1,yes,yes,0
lt_0_DM,6,paid_duly,car_used,5434,lt_100_DM,gte_7yrs,2,male_married,none,1,car,69,bank,own,4,skilled,1,yes,yes,1
no_account,48,paid_duly,radio_tv,9232,lt_100_DM,gte_7yrs,3,male_single,none,2,savings,27,bank,own,3,skilled,1,none,yes,0
0_200_DM,36,paid_duly,car_used,1907,lt_100_DM,4_7yrs,3,male_single,none,1,savings,34,bank,rent,4,skilled,1,none,yes,0
no_account,6,paid_duly,radio_tv,2131,lt_100_DM,gte_7yrs,2,male_single,none,1,savings,46,none,own,4,skilled,1,yes,yes,1
0_200_DM,18,critical,business,5948,gte_1000_DM,1_4yrs,4,male_single,none,2,real_estate,31,none,own,1,skilled,1,yes,no,0
no_account,18,paid_duly,car_new,17987,lt_100_DM,gte_7yrs,4,male_married,none,1,car,52,none,own,2,skilled,1,none,yes,1
lt_0_DM,60,critical,car_new,16774,lt_100_DM,1_4yrs,3,male_single,none,1,real_estate,25,none,own,3,skilled,1,yes,no,0
no_account,6,paid_duly,radio_tv,3394,lt_100_DM,gte_7yrs,3,male_single,none,2,savings,43,stores,rent,4,skilled,1,none,yes,1
gte_200_DM,6,paid_duly,furniture,13554,lt_100_DM,lt_1yr,1,male_single,none,3,savings,40,bank,own,4,management,1,none,yes,1
no_account,6,delayed,car_new,14756,500_1000_DM,1_4yrs,1,male_single,none,4,savings,18,none,own,4,skilled,1,yes,yes,1
no_account,24,existing_paid,radio_tv,10780,lt_100_DM,4_7yrs,4,female_divorced,none,4,unknown,42,none,rent,3,skilled,1,none,yes,0
no_account,36,all_paid,furniture,12556,unknown,4_7yrs,2,male_single,none,4,car,52,none,own,2,skilled,1,yes,yes,0
no_account,12,paid_duly,other,18151,unknown,unemployed,3,male_married,guarantor,2,unknown,19,none,own,4,skilled,1,none,yes,1
no_account,12,existing_paid,car_new,3887,500_1000_DM,4_7yrs,4,male_single,none,3,savings,39,none,rent,4,skilled,1,yes,yes,1
0_200_DM,60,paid_duly,radio_tv,2785,100_500_DM,gte_7yrs,3,male_single,none,2,car,51,none,rent,3,management,2,yes,yes,0
no_account,6,delayed,radio_tv,6476,lt_100_DM,4_7yrs,4,male_single,none,1,savings,43,bank,own,2,skilled,2,none,yes,1
lt_0_DM,24,paid_duly,car_used,9561,lt_100_DM,lt_1yr,4,male_married,none,1,real_estate,41,none,own,1,management,1,none,yes,0
lt_0_DM,36,existing_paid,car_used,4033,lt_100_DM,unemployed,4,male_single,none,3,savings,20,bank,own,2,skilled,1,yes,yes,0
no_account,18,critical,car_used,2124,gte_1000_DM,lt_1yr,1,male_single,guarantor,3,savings,18,none,for_free,3,skilled,1,none,yes,1
0_200_DM,12,paid_duly,business,1728,lt_100_DM,4_7yrs,1,male_single,none,2,car,24,bank,own,4,unskilled_r,2,none,yes,1
0_200_DM,6,paid_duly,furniture,4232,lt_100_DM,gte_7yrs,3,male_married,none,4,car,22,none,rent,1,skilled,1,none,yes,1
gte_200_DM,6,existing_paid,furniture,4925,lt_100_DM,gte_7yrs,2,male_divorced,none,3,car,54,none,own,2,skilled,1,yes,yes,1
no_account,24,critical,car_new,6081,lt_100_DM,4_7yrs,4,male_single,none,1,car,54,none,for_free,4,unskilled_r,2,yes,yes,0
0_200_DM,48,paid_duly,education,17826,500_1000_DM,lt_1yr,4,male_divorced,none,2,car,59,none,own,2,skilled,1,none,yes,0
lt_0_DM,18,paid_duly,furniture,6837,lt_100_DM,1_4yrs,3,male_single,none,1,real_estate,42,bank,own,1,skilled,1,yes,yes,1
gte_200_DM,48,paid_duly,car_used,12998,500_1000_DM,lt_1yr,2,male_married,none,3,real_estate,18,none,own,1,management,1,none,yes,0
gte_200_DM,6,paid_duly,car_used,6385,lt_100_DM,gte_7yrs,1,male_single,guarantor,2,car,18,none,own,2,management,1,yes,yes,1
lt_0_DM,12,paid_duly,radio_tv,18098,lt_100_DM,unemployed,3,male_divorced,none,4,real_estate,26,stores,own,1,skilled,1,yes,no,1
gte_200_DM,60,paid_duly,car_new,519,100_500_DM,1_4yrs,2,male_married,none,2,car,27,bank,own,1,unskilled_r,2,yes,yes,1
0_200_DM,36,paid_duly,other,2294,lt_100_DM,lt_1yr,4,male_married,none,2,car,39,none,own,4,unskilled_r,1,none,yes,0
no_account,12,paid_duly,car_used,13981,lt_100_DM,gte_7yrs,2,male_married,none,4,real_estate,46,bank,own,1,management,1,yes,yes,1
0_200_DM,48,existing_paid,car_used,4904,lt_100_DM,1_4yrs,1,male_single,guarantor,4,real_estate,54,stores,own,3,skilled,1,yes,yes,0
gte_200_DM,24,paid_duly,furniture,18001,lt_100_DM,4_7yrs,1,male_married,none,1,savings,31,none,own,1,skilled,1,yes,yes,1
0_200_DM,60,existing_paid,education,14592,lt_100_DM,lt_1yr,2,male_single,none,1,unknown,31,none,own,4,skilled,1,none,yes,0
lt_0_DM,36,existing_paid,car_new,2282,lt_100_DM,gte_7yrs,4,male_single,none,3,real_estate,50,none,rent,4,unskilled_r,1,yes,yes,0
gte_200_DM,60,paid_duly,car_new,18081,lt_100_DM,1_4yrs,3,male_single,none,2,unknown,27,none,for_free,4,management,1,yes,yes,0
no_account,36,paid_duly,car_new,5793,lt_100_DM,gte_7yrs,2,male_single,none,4,real_estate,20,none,own,4,skilled,1,none,yes,0
gte_200_DM,60,existing_paid,car_new,1298,lt_100_DM,4_7yrs,2,male_married,none,1,unknown,41,none,own,1,unemployed,1,yes,yes,1
0_200_DM,36,all_paid,car_used,9566,lt_100_DM,unemployed,1,male_single,none,3,real_estate,42,none,own,4,skilled,1,none,yes,0
gte_200_DM,6,existing_paid,car_new,4059,500_1000_DM,1_4yrs,3,male_single,guarantor,3,unknown,26,none,own,1,unskilled_r,1,none,yes,1
0_200_DM,48,paid_duly,radio_tv,12580,lt_100_DM,lt_1yr,1,male_married,none,1,car,43,stores,own,1,management,2,none,yes,0
gte_200_DM,60,paid_duly,radio_tv,9171,lt_100_DM,1_4yrs,3,male_single,none,2,car,37,none,rent,2,skilled,1,none,yes,0
no_account,48,paid_duly,education,967,500_1000_DM,4_7yrs,4,male_married,none,4,car,45,none,own,1,skilled,1,yes,yes,1
lt_0_DM,18,paid_duly,furniture,5070,lt_100_DM,gte_7yrs,2,male_married,none,2,car,28,none,own,4,skilled,1,yes,yes,1
lt_0_DM,60,existing_paid,furniture,10994,lt_100_DM,lt_1yr,1,male_married,none,3,car,40,none,rent,1,skilled,2,none,yes,0
gte_200_DM,12,paid_duly,car_new,10627,lt_100_DM,gte_7yrs,2,male_single,none,2,unknown,53,none,own,2,skilled,1,yes,yes,1
gte_200_DM,12,delayed,business,15725,lt_100_DM,unemployed,1,male_married,none,2,real_estate,37,none,rent,2,skilled,1,none,yes,1
no_account,6,paid_duly,other,5242,lt_100_DM,4_7yrs,1,male_single,none,4,savings,34,none,rent,2,skilled,2,yes,yes,1
lt_0_DM,24,paid_duly,furniture,11338,lt_100_DM,gte_7yrs,1,male_single,none,4,real_estate,40,none,own,3,management,1,none,no,0
gte_200_DM,12,paid_duly,car_new,17553,lt_100_DM,gte_7yrs,2,male_married,none,3,unknown,33,none,own,2,skilled,1,none,yes,1
gte_200_DM,18,paid_duly,car_new,3093,100_500_DM,1_4yrs,2,male_single,none,4,car,40,bank,for_free,3,skilled,1,none,yes,1
0_200_DM,36,paid_duly,other,9271,lt_100_DM,4_7yrs,1,male_single,none,2,savings,25,none,rent,4,skilled,1,none,yes,0
gte_200_DM,36,paid_duly,radio_tv,2131,lt_100_DM,1_4yrs,2,male_single,none,1,savings,24,none,rent,4,skilled,1,none,yes,1
gte_200_DM,24,delayed,radio_tv,14459,100_500_DM,gte_7yrs,4,female_divorced,none,4,real_estate,27,none,own,1,skilled,1,yes,yes,0
gte_200_DM,24,existing_paid,radio_tv,8729,lt_100_DM,4_7yrs,4,male_single,none,1,car,31,none,own,2,skilled,1,yes,yes,0
lt_0_DM,24,critical,car_used,10096,100_500_DM,1_4yrs,4,female_divorced,none,4,savings,18,none,own,3,unskilled_r,1,none,yes,0
0_200_DM,18,paid_duly,furniture,12475,unknown,4_7yrs,2,male_single,none,1,savings,31,none,own,1,management,1,none,yes,1
gte_200_DM,48,delayed,education,1695,unknown,1_4yrs,4,male_married,none,2,savings,27,none,own,1,skilled,1,none,yes,1
lt_0_DM,60,paid_duly,furniture,8457,lt_100_DM,gte_7yrs,4,male_single,none,3,unknown,18,stores,for_free,4,skilled,1,none,yes,0
0_200_DM,12,existing_paid,education,4231,lt_100_DM,1_4yrs,3,male_married,none,3,unknown,46,bank,own,2,unskilled_r,1,none,yes,1
no_account,36,paid_duly,car_new,2503,unknown,1_4yrs,1,male_married,none,4,savings,54,bank,rent,2,skilled,1,none,yes,1
no_account,12,paid_duly,radio_tv,2182,lt_100_DM,gte_7yrs,1,male_married,none,2,real_estate,40,none,rent,1,skilled,2,yes,yes,1
gte_200_DM,12,paid_duly,radio_tv,11819,lt_100_DM,gte_7yrs,1,male_single,none,1,savings,51,bank,own,4,management,1,none,yes,1
gte_200_DM,60,paid_duly,radio_tv,2563,lt_100_DM,1_4yrs,3,female_divorced,none,2,savings,20,none,own,3,unskilled_r,1,none,yes,1
lt_0_DM,36,paid_duly,car_used,13930,100_500_DM,lt_1yr,2,male_single,none,3,car,37,none,own,4,skilled,1,yes,no,0
lt_0_DM,12,all_paid,furniture,14441,lt_100_DM,gte_7yrs,3,male_married,none,3,savings,29,none,own,1,unskilled_nr,1,none,yes,1
lt_0_DM,12,paid_duly,radio_tv,11783,unknown,lt_1yr,1,male_married,none,4,car,18,none,for_free,1,skilled,1,none,yes,1
gte_200_DM,60,existing_paid,car_new,1329,lt_100_DM,1_4yrs,4,male_single,none,1,real_estate,33,none,own,3,skilled,1,none,no,1
0_200_DM,60,paid_duly,car_new,12830,lt_100_DM,lt_1yr,3,male_married,none,1,unknown,33,none,rent,2,unskilled_r,1,yes,yes,0
0_200_DM,18,paid_duly,furniture,8356,lt_100_DM,gte_7yrs,4,male_married,none,3,unknown,34,none,own,1,management,1,none,yes,1
0_200_DM,12,paid_duly,car_new,15142,lt_100_DM,4_7yrs,2,male_divorced,none,2,car,25,none,own,2,skilled,1,none,yes,1
gte_200_DM,36,existing_paid,other,5013,gte_1000_DM,lt_1yr,1,male_single,guarantor,4,car,45,none,rent,1,management,2,yes,yes,0
0_200_DM,6,existing_paid,other,13357,100_500_DM,1_4yrs,1,male_married,none,4,car,44,none,own,4,skilled,1,none,yes,0
0_200_DM,60,delayed,radio_tv,7087,500_1000_DM,1_4yrs,2,male_single,none,3,savings,42,none,own,2,skilled,1,yes,yes,0
0_200_DM,36,paid_duly,radio_tv,11851,unknown,4_7yrs,4,male_single,none,1,real_estate,43,none,for_free,4,unemployed,1,yes,yes,0
0_200_DM,36,paid_duly,car_new,7919,lt_100_DM,4_7yrs,4,female_divorced,none,4,car,38,none,own,1,unskilled_r,1,yes,yes,0
no_account,60,paid_duly,radio_tv,18138,lt_100_DM,gte_7yrs,1,male_single,none,4,savings,50,none,for_free,3,skilled,1,none,yes,0
0_200_DM,24,delayed,car_new,9098,unknown,1_4yrs,1,male_single,none,4,car,56,none,own,3,skilled,1,none,yes,0
0_200_DM,60,delayed,radio_tv,5563,unknown,1_4yrs,3,male_single,none,1,savings,33,bank,own,2,skilled,1,none,yes,0
lt_0_DM,60,paid_duly,other,15560,lt_100_DM,1_4yrs,1,male_single,none,1,savings,20,none,own,4,skilled,2,yes,yes,0
no_account,6,delayed,furniture,3353,lt_100_DM,1_4yrs,4,female_divorced,none,2,savings,58,stores,own,3,skilled,1,yes,yes,1
lt_0_DM,60,paid_duly,car_used,14090,lt_100_DM,1_4yrs,1,male_single,none,2,savings,32,none,rent,1,management,1,yes,yes,0
no_account,18,existing_paid,radio_tv,4548,lt_100_DM,gte_7yrs,1,male_married,none,3,real_estate,53,none,own,3,skilled,1,none,no,1
no_account,24,delayed,car_used,3342,gte_1000_DM,gte_7yrs,2,male_single,none,2,real_estate,31,none,own,3,unskilled_r,1,none,yes,1
lt_0_DM,18,paid_duly,car_new,12350,lt_100_DM,4_7yrs,4,male_divorced,none,4,real_estate,39,stores,own,1,skilled,2,yes,yes,1
gte_200_DM,48,paid_duly,car_used,10624,lt_100_DM,1_4yrs,4,male_single,none,3,savings,18,none,own,3,skilled,1,none,yes,1
no_account,48,paid_duly,car_new,1551,lt_100_DM,lt_1yr,1,male_married,none,3,car,44,none,rent,1,skilled,1,none,yes,1
0_200_DM,6,paid_duly,radio_tv,17646,gte_1000_DM,1_4yrs,4,male_single,none,4,savings,31,none,own,1,skilled,1,yes,yes,1
lt_0_DM,6,paid_duly,car_new,3615,gte_1000_DM,lt_1yr,3,male_single,none,1,car,35,none,own,3,management,1,none,yes,1
0_200_DM,36,existing_paid,business,9094,lt_100_DM,lt_1yr,1,male_married,guarantor,4,real_estate,41,none,own,4,unskilled_r,1,none,yes,0
gte_200_DM,60,existing_paid,other,14030,lt_100_DM,unemployed,4,male_single,none,3,savings,39,none,own,4,skilled,1,none,yes,0
no_account,48,existing_paid,car_used,5137,500_1000_DM,1_4yrs,1,male_single,none,3,real_estate,49,none,rent,2,skilled,1,yes,yes,0
no_account,60,existing_paid,business,2665,lt_100_DM,1_4yrs,4,male_single,none,3,car,48,stores,own,2,skilled,1,yes,yes,1
lt_0_DM,24,existing_paid,furniture,4041,100_500_DM,gte_7yrs,3,male_married,none,2,real_estate,33,none,own,3,skilled,1,none,yes,0
gte_200_DM,60,existing_paid,car_new,6809,unknown,lt_1yr,3,male_married,none,2,car,51,stores,own,2,unskilled_r,1,none,yes,0
lt_0_DM,60,paid_duly,car_used,13473,unknown,1_4yrs,2,male_married,co_applicant,2,car,26,none,rent,1,management,1,none,yes,0
lt_0_DM,18,paid_duly,other,9345,lt_100_DM,lt_1yr,1,male_married,none,3,car,42,none,own,3,skilled,1,yes,yes,1
gte_200_DM,12,paid_duly,furniture,4112,lt_100_DM,gte_7yrs,4,male_single,none,4,car,31,none,own,3,skilled,1,none,yes,1
gte_200_DM,18,existing_paid,radio_tv,16494,unknown,4_7yrs,4,male_single,none,2,savings,18,none,own,4,unskilled_r,2,yes,yes,1
no_account,24,paid_duly,furniture,6998,gte_1000_DM,gte_7yrs,2,male_single,none,1,savings,49,none,own,3,management,1,yes,yes,1
gte_200_DM,48,paid_duly,furniture,1975,lt_100_DM,1_4yrs,3,male_single,none,1,car,20,none,own,3,skilled,1,yes,yes,1
gte_200_DM,12,paid_duly,car_used,11376,lt_100_DM,lt_1yr,2,male_married,none,4,real_estate,64,bank,own,1,skilled,1,none,yes,1
no_account,60,paid_duly,car_new,3512,lt_100_DM,lt_1yr,1,male_married,none,4,real_estate,44,none,own,2,skilled,1,none,yes,1
0_200_DM,36,existing_paid,radio_tv,3414,lt_100_DM,1_4yrs,2,male_single,guarantor,4,savings,22,none,own,4,skilled,1,none,yes,0
0_200_DM,6,existing_paid,radio_tv,1686,lt_100_DM,gte_7yrs,3,male_married,none,2,car,18,none,for_free,4,skilled,2,yes,yes,1
0_200_DM,24,paid_duly,furniture,14470,unknown,1_4yrs,2,male_divorced,none,1,car,56,none,own,1,skilled,1,yes,yes,0
lt_0_DM,12,paid_duly,other,8912,unknown,lt_1yr,4,male_single,none,3,savings,26,none,rent,3,skilled,1,none,yes,1
gte_200_DM,24,paid_duly,furniture,18187,lt_100_DM,gte_7yrs,2,male_single,none,1,savings,32,none,own,4,skilled,1,none,yes,1
no_account,48,paid_duly,car_used,7021,lt_100_DM,4_7yrs,1,male_married,co_applicant,1,car,40,none,own,2,management,1,none,yes,0
0_200_DM,60,paid_duly,radio_tv,12234,unknown,lt_1yr,4,male_single,none,2,unknown,32,none,own,2,skilled,1,none,yes,0
lt_0_DM,12,existing_paid,car_used,1523,unknown,1_4yrs,3,male_divorced,none,4,savings,31,none,own,4,management,1,none,yes,1
gte_200_DM,12,paid_duly,radio_tv,9747,100_500_DM,1_4yrs,1,male_married,none,3,car,25,none,own,2,skilled,1,yes,yes,1
gte_200_DM,6,paid_duly,car_new,10523,lt_100_DM,lt_1yr,1,male_single,co_applicant,1,savings,31,none,own,4,skilled,1,yes,yes,1
0_200_DM,48,paid_duly,furniture,15336,lt_100_DM,1_4yrs,1,male_married,none,4,car,24,stores,own,3,skilled,1,yes,yes,0
lt_0_DM,36,existing_paid,radio_tv,7439,lt_100_DM,lt_1yr,1,male_married,none,4,real_estate,40,bank,own,1,skilled,2,none,yes,0
no_account,36,paid_duly,furniture,4520,lt_100_DM,1_4yrs,3,male_married,none,1,car,29,none,for_free,3,management,2,none,yes,1
0_200_DM,36,existing_paid,radio_tv,8476,100_500_DM,gte_7yrs,4,male_single,none,2,savings,35,none,own,4,skilled,1,none,no,0
lt_0_DM,12,paid_duly,radio_tv,15071,lt_100_DM,4_7yrs,1,male_single,none,4,real_estate,37,none,own,2,skilled,2,yes,yes,1
0_200_DM,24,delayed,furniture,11128,lt_100_DM,lt_1yr,1,male_single,guarantor,4,real_estate,35,bank,rent,3,skilled,1,yes,yes,0
lt_0_DM,18,paid_duly,car_new,2896,lt_100_DM,4_7yrs,4,male_married,none,2,car,18,none,rent,4,unskilled_r,1,none,yes,1
0_200_DM,12,paid_duly,car_new,5702,500_1000_DM,unemployed,3,male_single,none,4,car,33,none,own,3,skilled,1,none,yes,1
gte_200_DM,24,existing_paid,car_new,7943,100_500_DM,4_7yrs,3,male_single,none,3,car,39,bank,own,3,management,1,none,yes,0
lt_0_DM,6,existing_paid,radio_tv,17277,unknown,gte_7yrs,1,male_divorced,none,2,real_estate,65,none,for_free,1,skilled,1,yes,yes,0
no_account,48,paid_duly,radio_tv,6798,500_1000_DM,4_7yrs,4,male_single,guarantor,1,unknown,44,none,for_free,1,skilled,1,yes,yes,1
lt_0_DM,36,existing_paid,education,7513,lt_100_DM,lt_1yr,2,male_married,none,2,car,43,none,own,1,skilled,1,yes,yes,0
no_account,36,paid_duly,education,7612,unknown,4_7yrs,1,male_married,none,4,savings,18,none,for_free,3,skilled,1,none,yes,1
lt_0_DM,60,existing_paid,radio_tv,14157,lt_100_DM,1_4yrs,4,male_married,none,4,real_estate,47,bank,own,2,skilled,1,none,yes,0
0_200_DM,18,critical,radio_tv,13949,lt_100_DM,1_4yrs,2,male_married,none,4,car,45,bank,own,4,skilled,1,none,yes,0
0_200_DM,36,existing_paid,car_new,2922,unknown,gte_7yrs,3,male_single,guarantor,2,unknown,29,none,own,2,skilled,1,yes,yes,0
no_account,48,paid_duly,car_new,7704,lt_100_DM,4_7yrs,4,male_single,none,1,car,30,none,own,1,skilled,1,none,yes,0
no_account,12,existing_paid,car_new,7485,lt_100_DM,lt_1yr,3,male_single,none,1,real_estate,18,none,for_free,2,management,1,none,yes,1
lt_0_DM,6,existing_paid,furniture,8995,lt_100_DM,gte_7yrs,1,male_married,guarantor,1,car,37,none,for_free,1,unskilled_r,1,none,yes,0
gte_200_DM,24,delayed,radio_tv,13251,100_500_DM,1_4yrs,1,male_married,guarantor,2,savings,54,none,own,4,skilled,1,none,yes,0
lt_0_DM,48,critical,car_new,12239,lt_100_DM,gte_7yrs,3,male_single,none,2,car,18,bank,for_free,3,skilled,1,none,yes,0
0_200_DM,48,paid_duly,furniture,12045,gte_1000_DM,gte_7yrs,3,male_single,none,4,car,18,none,own,3,skilled,1,none,yes,0
0_200_DM,36,critical,education,7380,lt_100_DM,4_7yrs,3,male_single,none,3,savings,33,none,own,1,skilled,1,yes,yes,0
no_account,36,paid_duly,furniture,2264,gte_1000_DM,1_4yrs,4,male_single,none,4,car,39,bank,own,1,unskilled_r,1,yes,yes,1
no_account,48,paid_duly,car_new,11376,lt_100_DM,1_4yrs,2,male_single,none,1,real_estate,29,none,own,1,skilled,2,none,yes,1
lt_0_DM,60,existing_paid,car_new,14943,lt_100_DM,1_4yrs,4,male_single,none,1,real_estate,38,none,own,2,unskilled_r,1,yes,yes,0
no_account,6,paid_duly,car_new,11206,unknown,gte_7yrs,1,male_single,guarantor,2,real_estate,34,none,rent,3,unskilled_r,2,yes,yes,1
0_200_DM,18,paid_duly,car_new,13949,unknown,4_7yrs,4,male_married,none,2,real_estate,18,none,rent,2,unskilled_r,1,none,yes,1
no_account,36,existing_paid,car_new,6759,lt_100_DM,1_4yrs,1,male_single,none,4,car,47,bank,own,3,skilled,1,yes,yes,0
0_200_DM,12,existing_paid,business,877,lt_100_DM,unemployed,1,male_married,none,4,car,48,none,own,1,skilled,1,yes,yes,1
no_account,24,existing_paid,radio_tv,15803,lt_100_DM,unemployed,3,male_single,none,3,unknown,45,none,rent,1,skilled,1,none,yes,0
gte_200_DM,6,paid_duly,radio_tv,11096,unknown,4_7yrs,3,male_married,none,3,car,30,none,own,2,skilled,2,yes,yes,1
0_200_DM,60,paid_duly,furniture,13932,gte_1000_DM,1_4yrs,4,female_divorced,none,4,car,57,none,own,1,unskilled_r,1,yes,yes,0
no_account,18,paid_duly,radio_tv,16216,lt_100_DM,1_4yrs,1,male_single,none,3,real_estate,29,none,for_free,2,unskilled_r,2,none,yes,1
gte_200_DM,24,all_paid,furniture,17606,500_1000_DM,4_7yrs,2,male_married,none,1,real_estate,47,none,own,1,management,1,none,yes,0
gte_200_DM,48,paid_duly,business,4306,lt_100_DM,4_7yrs,4,male_single,none,2,savings,25,bank,rent,2,skilled,1,none,yes,1
no_account,18,paid_duly,furniture,1967,unknown,4_7yrs,3,female_divorced,none,1,real_estate,28,none,for_free,2,skilled,1,none,yes,1
0_200_DM,60,paid_duly,car_used,10199,100_500_DM,1_4yrs,2,male_married,none,3,real_estate,24,none,own,4,skilled,1,yes,yes,0
0_200_DM,36,existing_paid,car_new,4520,lt_100_DM,gte_7yrs,2,male_married,none,3,unknown,18,none,own,4,unskilled_r,1,none,yes,0
0_200_DM,6,paid_duly,car_used,17391,lt_100_DM,1_4yrs,3,male_single,none,4,car,18,none,own,2,skilled,1,yes,yes,1
0_200_DM,24,critical,furniture,8227,lt_100_DM,gte_7yrs,1,male_single,none,1,unknown,42,none,own,1,skilled,1,yes,yes,0
no_account,24,paid_duly,business,16037,lt_100_DM,4_7yrs,3,male_single,none,3,savings,31,none,own,1,skilled,1,none,yes,0
0_200_DM,36,existing_paid,car_used,14248,lt_100_DM,1_4yrs,2,male_married,none,3,real_estate,31,none,own,2,skilled,1,yes,no,0
gte_200_DM,12,paid_duly,furniture,11251,100_500_DM,4_7yrs,4,male_single,none,3,real_estate,31,stores,own,3,skilled,1,none,yes,1
lt_0_DM,18,paid_duly,furniture,5946,unknown,unemployed,2,male_single,none,2,real_estate,43,none,own,3,skilled,1,yes,yes,1
0_200_DM,60,existing_paid,education,17595,unknown,lt_1yr,4,male_married,co_applicant,1,unknown,24,none,for_free,4,skilled,1,none,yes,0
gte_200_DM,6,existing_paid,radio_tv,5566,unknown,lt_1yr,2,male_married,none,3,unknown,34,bank,own,3,unskilled_r,1,none,yes,1
lt_0_DM,60,existing_paid,car_new,17249,100_500_DM,1_4yrs,2,male_married,none,1,savings,38,none,own,2,unskilled_r,1,yes,no,0
no_account,60,delayed,car_used,16406,lt_100_DM,lt_1yr,4,male_married,none,2,unknown,28,none,for_free,1,skilled,1,yes,yes,0
no_account,24,paid_duly,car_used,1057,unknown,1_4yrs,2,male_single,none,4,savings,56,none,own,2,skilled,1,none,yes,1
no_account,48,paid_duly,radio_tv,2056,lt_100_DM,4_7yrs,3,male_divorced,guarantor,2,unknown,41,none,for_free,1,unskilled_nr,1,yes,yes,1
gte_200_DM,12,paid_duly,car_used,9674,lt_100_DM,unemployed,3,male_single,none,4,car,52,none,for_free,3,skilled,1,none,yes,1
no_account,60,existing_paid,radio_tv,13898,lt_100_DM,4_7yrs,4,male_married,none,1,savings,38,none,own,2,skilled,1,none,yes,0
lt_0_DM,24,paid_duly,furniture,16136,lt_100_DM,1_4yrs,2,male_single,none,4,real_estate,49,none,rent,4,skilled,1,none,yes,0
no_account,12,paid_duly,radio_tv,5828,lt_100_DM,gte_7yrs,1,male_single,none,4,car,41,none,rent,2,skilled,1,none,yes,1
gte_200_DM,48,existing_paid,car_used,14770,lt_100_DM,unemployed,1,male_single,none,4,real_estate,36,none,for_free,3,unskilled_r,1,none,yes,0
0_200_DM,24,existing_paid,furniture,1654,unknown,gte_7yrs,2,male_single,none,4,car,38,none,own,3,skilled,1,none,yes,0
lt_0_DM,24,paid_duly,other,3023,lt_100_DM,4_7yrs,1,male_married,none,3,car,22,stores,own,3,unskilled_r,1,yes,yes,0
gte_200_DM,36,paid_duly,other,15722,lt_100_DM,1_4yrs,1,male_married,none,3,car,23,none,own,3,unskilled_r,1,none,yes,0
0_200_DM,60,existing_paid,radio_tv,9259,lt_100_DM,lt_1yr,1,male_married,none,4,real_estate,36,none,for_free,3,management,1,yes,yes,0
lt_0_DM,12,existing_paid,car_new,11012,lt_100_DM,1_4yrs,3,male_married,none,4,savings,62,none,own,4,management,2,none,yes,0
gte_200_DM,6,existing_paid,business,15790,lt_100_DM,lt_1yr,1,male_married,none,1,real_estate,39,none,for_free,1,skilled,1,none,yes,1
lt_0_DM,36,existing_paid,business,13848,lt_100_DM,lt_1yr,4,male_single,none,4,savings,33,stores,for_free,4,skilled,2,none,yes,0
no_account,36,paid_duly,furniture,5447,gte_1000_DM,1_4yrs,2,male_single,none,2,car,28,bank,own,3,management,1,none,yes,0
0_200_DM,60,existing_paid,education,12708,lt_100_DM,gte_7yrs,2,male_single,guarantor,4,car,18,none,own,1,skilled,1,none,yes,0
lt_0_DM,36,existing_paid,radio_tv,15279,lt_100_DM,lt_1yr,2,male_married,none,2,car,59,none,own,4,unskilled_r,1,none,yes,0
no_account,60,existing_paid,car_new,10296,lt_100_DM,1_4yrs,1,male_single,none,2,savings,18,none,rent,3,unskilled_r,1,none,yes,0
gte_200_DM,6,paid_duly,other,9174,lt_100_DM,1_4yrs,1,female_divorced,none,4,car,19,none,own,2,skilled,2,none,yes,1
0_200_DM,60,paid_duly,radio_tv,2825,lt_100_DM,gte_7yrs,4,male_single,none,2,real_estate,33,none,own,1,skilled,1,yes,yes,0
gte_200_DM,18,critical,radio_tv,560,lt_100_DM,1_4yrs,3,female_divorced,none,1,unknown,35,bank,rent,4,unskilled_r,1,none,yes,1
no_account,36,paid_duly,car_used,7702,lt_100_DM,1_4yrs,2,male_married,none,3,car,43,none,own,3,skilled,2,none,yes,0
lt_0_DM,48,paid_duly,radio_tv,14240,lt_100_DM,gte_7yrs,1,male_married,none,2,savings,41,bank,own,1,skilled,1,none,yes,0
lt_0_DM,48,existing_paid,furniture,11518,lt_100_DM,1_4yrs,4,male_married,none,1,car,41,none,own,2,unemployed,2,none,yes,0
gte_200_DM,24,paid_duly,furniture,3212,lt_100_DM,lt_1yr,1,male_single,none,4,savings,33,none,for_free,4,unskilled_r,1,none,yes,1
0_200_DM,48,paid_duly,other,9736,100_500_DM,gte_7yrs,1,male_single,guarantor,2,savings,20,none,own,3,unskilled_r,1,yes,yes,0
no_account,24,critical,other,4212,500_1000_DM,unemployed,2,male_single,none,2,car,34,bank,own,4,skilled,1,none,yes,1
0_200_DM,60,all_paid,car_new,14847,lt_100_DM,lt_1yr,1,male_single,none,3,unknown,33,none,own,2,skilled,2,none,yes,0
gte_200_DM,48,paid_duly,business,4883,100_500_DM,gte_7yrs,4,male_single,none,2,unknown,56,none,rent,4,skilled,1,none,yes,1
gte_200_DM,60,delayed,other,18453,lt_100_DM,gte_7yrs,2,male_single,none,1,car,40,none,own,4,skilled,1,none,yes,0
gte_200_DM,36,paid_duly,furniture,7597,lt_100_DM,gte_7yrs,4,male_single,none,4,car,33,none,rent,1,skilled,2,none,yes,0
lt_0_DM,48,delayed,furniture,15720,500_1000_DM,gte_7yrs,1,male_single,none,4,unknown,44,none,own,2,unskilled_r,2,none,yes,0
lt_0_DM,18,paid_duly,car_used,18208,500_1000_DM,1_4yrs,1,male_single,co_applicant,1,car,35,none,rent,2,skilled,1,none,yes,1
0_200_DM,6,critical,car_used,8698,lt_100_DM,4_7yrs,2,male_married,none,3,car,41,none,rent,2,unskilled_r,1,none,yes,0
lt_0_DM,24,paid_duly,radio_tv,5167,lt_100_DM,4_7yrs,3,male_single,none,2,real_estate,23,none,own,1,skilled,1,none,yes,0
0_200_DM,24,paid_duly,car_new,2480,unknown,lt_1yr,1,male_married,none,3,real_estate,32,bank,own,2,skilled,1,none,yes,0
gte_200_DM,18,paid_duly,car_used,16381,unknown,unemployed,2,male_single,co_applicant,3,car,42,none,own,1,skilled,1,yes,yes,1
no_account,48,paid_duly,business,5945,lt_100_DM,lt_1yr,1,male_married,none,3,car,35,bank,own,2,skilled,1,none,yes,1
0_200_DM,48,paid_duly,furniture,12455,lt_100_DM,unemployed,1,female_divorced,none,4,car,26,none,rent,2,unskilled_r,1,yes,yes,0
lt_0_DM,24,paid_duly,car_new,7620,unknown,1_4yrs,4,male_single,none,4,real_estate,42,none,for_free,2,skilled,1,none,yes,0
gte_200_DM,6,existing_paid,furniture,14786,lt_100_DM,lt_1yr,4,male_married,none,3,car,45,none,own,2,management,2,none,yes,1
lt_0_DM,24,paid_duly,car_used,6614,100_500_DM,gte_7yrs,1,female_divorced,none,2,car,43,none,own,4,management,1,yes,yes,0
gte_200_DM,12,paid_duly,radio_tv,696,500_1000_DM,gte_7yrs,2,male_married,none,3,savings,32,stores,own,4,skilled,1,yes,yes,1
0_200_DM,60,existing_paid,car_new,12392,lt_100_DM,lt_1yr,2,male_single,co_applicant,1,unknown,26,none,own,3,skilled,1,yes,yes,0
lt_0_DM,60,paid_duly,car_new,14583,100_500_DM,4_7yrs,2,male_married,none,3,unknown,46,none,rent,4,management,1,yes,yes,0
gte_200_DM,60,paid_duly,radio_tv,10611,lt_100_DM,4_7yrs,3,male_single,none,1,real_estate,43,none,own,3,skilled,1,none,yes,1
gte_200_DM,60,existing_paid,business,5899,lt_100_DM,4_7yrs,4,male_married,none,2,savings,42,none,own,3,skilled,1,none,yes,0
no_account,18,existing_paid,furniture,12747,lt_100_DM,4_7yrs,1,male_single,none,2,unknown,19,none,rent,3,management,1,none,yes,1
no_account,6,paid_duly,other,14502,lt_100_DM,4_7yrs,2,male_single,none,1,real_estate,18,none,own,1,management,1,yes,yes,1
0_200_DM,36,delayed,radio_tv,2330,unknown,1_4yrs,3,male_single,none,3,savings,51,none,own,1,unskilled_r,1,none,yes,0
0_200_DM,60,existing_paid,furniture,4117,lt_100_DM,unemployed,4,male_single,none,3,real_estate,25,none,rent,2,management,1,none,yes,0
no_account,24,paid_duly,furniture,17241,gte_1000_DM,gte_7yrs,1,male_married,none,4,real_estate,43,none,own,1,skilled,1,none,yes,1
gte_200_DM,36,paid_duly,furniture,7928,gte_1000_DM,gte_7yrs,2,male_single,none,2,car,18,none,own,1,skilled,1,none,yes,0
lt_0_DM,48,existing_paid,furniture,4304,100_500_DM,1_4yrs,3,male_married,guarantor,1,car,42,stores,own,1,management,1,none,yes,0
0_200_DM,6,delayed,car_used,12239,100_500_DM,1_4yrs,4,male_single,none,4,savings,28,none,own,4,skilled,2,yes,yes,0
0_200_DM,6,paid_duly,radio_tv,9391,lt_100_DM,4_7yrs,2,male_single,none,2,car,51,none,rent,4,management,2,none,yes,1
lt_0_DM,60,paid_duly,car_used,16311,lt_100_DM,gte_7yrs,4,male_single,none,3,real_estate,37,none,own,1,skilled,1,none,yes,0
no_account,12,paid_duly,radio_tv,555,unknown,lt_1yr,3,male_married,none,1,unknown,45,bank,own,1,skilled,1,none,yes,1
no_account,18,paid_duly,radio_tv,7951,100_500_DM,unemployed,3,male_married,none,1,unknown,36,none,own,1,unskilled_r,2,none,yes,1
0_200_DM,24,existing_paid,business,13519,lt_100_DM,lt_1yr,2,female_divorced,none,1,car,39,none,for_free,1,unskilled_r,1,none,yes,0
0_200_DM,24,existing_paid,car_new,16166,lt_100_DM,1_4yrs,3,male_married,none,2,savings,27,none,own,4,skilled,1,none,yes,0
gte_200_DM,24,delayed,car_used,5700,lt_100_DM,4_7yrs,2,male_married,none,4,savings,18,none,own,3,skilled,1,none,yes,0
no_account,36,paid_duly,radio_tv,13257,gte_1000_DM,1_4yrs,2,male_single,none,4,savings,37,none,own,4,skilled,1,yes,yes,0
0_200_DM,18,paid_duly,other,18398,lt_100_DM,4_7yrs,4,male_single,none,2,savings,26,none,own,2,unskilled_r,1,none,yes,1
lt_0_DM,24,existing_paid,furniture,5697,lt_100_DM,lt_1yr,1,male_single,none,3,real_estate,22,none,rent,2,unskilled_r,1,yes,yes,0
lt_0_DM,24,existing_paid,education,5802,lt_100_DM,1_4yrs,2,male_single,none,4,car,19,none,own,4,skilled,1,none,yes,0
no_account,48,existing_paid,car_new,5145,gte_1000_DM,unemployed,2,female_divorced,none,2,real_estate,22,none,rent,3,skilled,2,none,yes,0
lt_0_DM,18,paid_duly,business,14272,lt_100_DM,gte_7yrs,4,male_married,none,1,unknown,47,none,own,2,skilled,1,yes,yes,1
lt_0_DM,24,existing_paid,car_used,16146,lt_100_DM,1_4yrs,2,male_divorced,none,4,car,32,bank,own,2,unskilled_r,1,none,yes,0
0_200_DM,60,existing_paid,car_used,15826,lt_100_DM,1_4yrs,2,male_single,none,4,savings,27,none,rent,3,management,1,yes,yes,0
lt_0_DM,12,paid_duly,car_new,13247,lt_100_DM,1_4yrs,2,female_divorced,none,3,savings,35,bank,own,1,skilled,1,none,yes,1
no_account,36,existing_paid,car_used,1945,lt_100_DM,1_4yrs,4,male_single,none,4,car,27,none,own,1,management,1,none,yes,1
lt_0_DM,12,paid_duly,car_new,10722,100_500_DM,4_7yrs,4,male_single,none,4,savings,30,bank,rent,2,unemployed,2,none,yes,1
gte_200_DM,24,paid_duly,car_new,13103,500_1000_DM,1_4yrs,3,male_married,guarantor,2,real_estate,25,bank,own,1,unskilled_r,1,yes,yes,1
lt_0_DM,12,all_paid,education,16828,unknown,1_4yrs,1,male_single,none,4,car,37,none,rent,4,skilled,1,none,yes,1
no_account,12,paid_duly,radio_tv,15810,lt_100_DM,1_4yrs,2,male_single,none,4,real_estate,36,none,own,4,unemployed,1,none,yes,1
lt_0_DM,6,delayed,radio_tv,8596,lt_100_DM,1_4yrs,4,male_married,none,4,real_estate,20,none,own,2,skilled,1,none,yes,0
no_account,12,existing_paid,furniture,11337,lt_100_DM,4_7yrs,2,male_single,none,3,car,18,stores,own,2,skilled,1,yes,yes,1
gte_200_DM,12,paid_duly,radio_tv,8345,lt_100_DM,gte_7yrs,3,male_married,none,3,real_estate,34,none,own,4,skilled,2,none,yes,1
no_account,48,paid_duly,other,6379,lt_100_DM,lt_1yr,1,male_married,none,4,real_estate,33,none,own,1,skilled,2,yes,yes,0
lt_0_DM,24,existing_paid,radio_tv,14221,unknown,1_4yrs,2,male_married,none,1,car,29,none,own,1,skilled,1,none,yes,0
gte_200_DM,6,existing_paid,car_new,4636,lt_100_DM,unemployed,4,male_single,none,3,unknown,38,none,own,2,unskilled_r,1,none,no,1
0_200_DM,6,paid_duly,radio_tv,5497,unknown,1_4yrs,4,male_single,none,3,car,44,none,own,2,skilled,1,none,yes,1
0_200_DM,18,paid_duly,radio_tv,10033,lt_100_DM,1_4yrs,1,male_single,none,2,car,34,none,own,2,skilled,1,yes,yes,1
lt_0_DM,24,paid_duly,education,3181,lt_100_DM,1_4yrs,1,male_single,none,1,car,38,none,own,2,skilled,1,none,yes,0
gte_200_DM,48,paid_duly,car_new,9357,100_500_DM,1_4yrs,1,male_single,none,3,unknown,56,none,for_free,4,skilled,1,none,yes,1
no_account,12,existing_paid,car_new,9593,unknown,1_4yrs,2,female_divorced,none,1,car,25,stores,own,4,unskilled_r,1,none,yes,1
0_200_DM,36,paid_duly,furniture,6761,lt_100_DM,4_7yrs,2,male_single,none,1,savings,27,none,own,3,unskilled_r,1,yes,yes,0
gte_200_DM,48,existing_paid,car_new,2098,lt_100_DM,unemployed,3,male_divorced,none,1,unknown,34,none,own,4,skilled,1,yes,yes,1
no_account,24,paid_duly,car_used,14333,lt_100_DM,4_7yrs,2,male_single,guarantor,4,real_estate,37,none,own,3,skilled,1,yes,yes,0
lt_0_DM,36,existing_paid,furniture,9119,lt_100_DM,lt_1yr,4,male_single,none,1,car,22,none,rent,1,skilled,1,yes,yes,0
gte_200_DM,24,paid_duly,car_used,6447,unknown,gte_7yrs,2,male_single,none,4,car,37,none,own,4,skilled,1,none,yes,0
0_200_DM,24,existing_paid,radio_tv,13732,lt_100_DM,4_7yrs,4,male_single,none,3,car,26,none,rent,4,skilled,1,none,yes,0
lt_0_DM,36,critical,radio_tv,8384,unknown,lt_1yr,2,male_single,none,4,car,34,none,own,1,unskilled_r,1,none,yes,0
0_200_DM,12,paid_duly,radio_tv,7529,lt_100_DM,gte_7yrs,3,male_single,none,1,savings,41,none,own,4,skilled,1,none,yes,1
gte_200_DM,12,paid_duly,radio_tv,1966,unknown,gte_7yrs,4,male_single,none,1,car,27,stores,for_free,1,skilled,1,yes,yes,1
0_200_DM,6,paid_duly,other,16538,unknown,1_4yrs,2,male_divorced,none,2,savings,30,none,own,4,skilled,1,yes,no,1
0_200_DM,6,delayed,furniture,14773,unknown,4_7yrs,3,male_divorced,none,4,real_estate,24,bank,own,2,skilled,1,yes,yes,0
no_account,48,critical,other,10415,lt_100_DM,lt_1yr,2,male_married,none,3,unknown,20,bank,own,4,skilled,1,yes,yes,0
lt_0_DM,12,paid_duly,education,4735,lt_100_DM,gte_7yrs,1,male_divorced,none,3,car,37,none,own,2,skilled,1,none,yes,1
gte_200_DM,36,existing_paid,furniture,1875,lt_100_DM,lt_1yr,3,male_single,none,1,car,38,none,own,3,skilled,1,none,yes,1
0_200_DM,48,delayed,business,7947,gte_1000_DM,1_4yrs,1,male_married,none,1,unknown,35,none,for_free,2,skilled,1,none,yes,0
gte_200_DM,36,existing_paid,furniture,4292,unknown,4_7yrs,4,female_divorced,none,1,car,18,bank,for_free,3,management,1,none,yes,1
no_account,48,existing_paid,car_new,3994,lt_100_DM,gte_7yrs,2,male_married,none,3,unknown,49,none,own,2,skilled,1,yes,yes,1
0_200_DM,6,existing_paid,car_new,6839,lt_100_DM,gte_7yrs,2,female_divorced,guarantor,2,real_estate,31,none,rent,1,skilled,2,none,no,0
no_account,12,paid_duly,business,5842,100_500_DM,1_4yrs,3,male_married,none,2,savings,18,none,own,2,skilled,2,none,yes,1
0_200_DM,12,existing_paid,radio_tv,1251,unknown,1_4yrs,3,male_single,none,2,real_estate,40,none,own,1,unskilled_r,1,yes,yes,1
0_200_DM,12,paid_duly,other,2281,unknown,1_4yrs,1,male_married,none,1,real_estate,46,none,for_free,3,skilled,1,none,yes,1
no_account,60,paid_duly,furniture,14101,gte_1000_DM,unemployed,4,male_married,none,4,unknown,32,none,rent,2,management,1,none,yes,0
0_200_DM,12,existing_paid,radio_tv,2668,lt_100_DM,4_7yrs,4,male_married,none,2,real_estate,28,none,own,2,skilled,2,none,yes,1
gte_200_DM,36,paid_duly,car_new,10953,lt_100_DM,4_7yrs,2,male_single,none,3,savings,35,none,own,4,skilled,1,none,yes,1
lt_0_DM,60,paid_duly,furniture,14233,lt_100_DM,gte_7yrs,2,male_married,none,1,unknown,47,stores,rent,3,skilled,1,none,yes,0
0_200_DM,6,paid_duly,radio_tv,1880,lt_100_DM,1_4yrs,3,male_married,none,2,savings,42,none,rent,1,skilled,1,none,yes,1
no_account,60,all_paid,radio_tv,15485,lt_100_DM,1_4yrs,1,male_divorced,none,3,real_estate,56,bank,own,3,unemployed,1,none,yes,1
lt_0_DM,18,existing_paid,car_new,1859,500_1000_DM,unemployed,2,male_married,none,3,car,22,bank,own,4,skilled,1,none,yes,1
lt_0_DM,60,paid_duly,car_new,12700,lt_100_DM,1_4yrs,1,male_single,none,1,savings,49,none,own,1,skilled,1,yes,yes,0
lt_0_DM,60,paid_duly,car_used,15577,lt_100_DM,lt_1yr,3,male_married,none,3,car,35,none,own,1,skilled,1,yes,yes,0
no_account,60,delayed,car_new,14773,lt_100_DM,1_4yrs,3,male_married,none,3,savings,62,stores,own,1,skilled,1,none,yes,0
lt_0_DM,18,existing_paid,furniture,12199,unknown,1_4yrs,3,male_single,none,1,car,52,none,own,2,unskilled_r,1,none,yes,0
lt_0_DM,48,paid_duly,furniture,8628,lt_100_DM,lt_1yr,2,male_single,none,3,unknown,31,none,own,4,management,1,yes,yes,0
no_account,18,delayed,business,11921,lt_100_DM,1_4yrs,4,male_married,none,4,car,40,bank,own,3,unskilled_r,1,yes,yes,1
0_200_DM,36,existing_paid,radio_tv,1114,unknown,lt_1yr,1,male_married,none,4,car,49,none,own,1,skilled,1,yes,yes,0
0_200_DM,6,paid_duly,car_new,14481,lt_100_DM,lt_1yr,3,male_married,none,4,savings,29,none,own,2,skilled,1,none,yes,1
no_account,12,existing_paid,radio_tv,6169,unknown,4_7yrs,2,male_married,co_applicant,4,savings,30,none,rent,1,management,1,yes,yes,1
0_200_DM,18,existing_paid,car_new,2236,lt_100_DM,gte_7yrs,1,male_divorced,none,4,unknown,42,none,own,1,skilled,1,none,yes,1
no_account,6,paid_duly,other,17098,lt_100_DM,1_4yrs,2,male_single,none,4,car,34,none,for_free,4,skilled,2,none,yes,1
gte_200_DM,24,existing_paid,furniture,14507,100_500_DM,gte_7yrs,3,male_married,none,2,savings,45,none,own,3,skilled,1,yes,yes,0
lt_0_DM,6,existing_paid,other,17903,lt_100_DM,4_7yrs,1,male_married,none,1,savings,40,none,for_free,4,management,1,none,yes,0
lt_0_DM,18,existing_paid,business,11868,lt_100_DM,1_4yrs,2,male_single,none,4,real_estate,54,none,own,4,skilled,1,none,yes,0
lt_0_DM,36,paid_duly,radio_tv,10560,unknown,1_4yrs,3,male_married,none,2,unknown,23,none,for_free,3,unskilled_r,1,yes,yes,0
gte_200_DM,12,paid_duly,car_new,11630,unknown,1_4yrs,1,male_married,none,1,unknown,27,none,own,2,skilled,2,yes,yes,1
0_200_DM,12,paid_duly,car_new,14657,lt_100_DM,4_7yrs,4,male_single,none,1,unknown,31,none,own,2,skilled,1,yes,yes,1
no_account,36,paid_duly,radio_tv,12994,lt_100_DM,gte_7yrs,2,female_divorced,none,3,real_estate,18,none,for_free,1,management,1,none,yes,0
0_200_DM,6,paid_duly,education,9913,lt_100_DM,lt_1yr,2,male_married,none,4,real_estate,33,none,own,2,management,1,yes,yes,1
no_account,36,paid_duly,education,16132,500_1000_DM,lt_1yr,2,male_married,none,1,real_estate,36,bank,rent,1,skilled,1,none,yes,0
lt_0_DM,6,paid_duly,other,5065,lt_100_DM,lt_1yr,2,male_married,none,2,savings,27,none,own,3,skilled,1,yes,yes,1
lt_0_DM,60,paid_duly,radio_tv,11919,lt_100_DM,unemployed,3,male_single,none,4,real_estate,46,stores,own,2,skilled,1,yes,no,0
0_200_DM,24,existing_paid,car_used,13630,lt_100_DM,lt_1yr,1,male_married,none,2,car,32,none,own,2,unskilled_r,1,yes,yes,0
gte_200_DM,12,paid_duly,car_new,1501,gte_1000_DM,1_4yrs,3,male_married,guarantor,1,real_estate,34,bank,own,2,skilled,1,none,yes,1
0_200_DM,36,critical,car_new,8083,lt_100_DM,1_4yrs,1,male_single,none,4,unknown,18,none,rent,4,skilled,1,yes,yes,0
lt_0_DM,24,existing_paid,furniture,14797,lt_100_DM,4_7yrs,3,male_married,none,4,car,39,none,own,4,management,1,none,yes,0
no_account,6,paid_duly,radio_tv,2868,unknown,1_4yrs,2,male_divorced,none,1,real_estate,37,none,own,3,skilled,1,yes,yes,1
gte_200_DM,18,delayed,car_new,494,lt_100_DM,lt_1yr,2,male_married,none,3,real_estate,20,bank,own,3,skilled,2,none,yes,1
lt_0_DM,36,all_paid,furniture,14416,lt_100_DM,4_7yrs,1,male_single,none,1,savings,45,none,own,1,skilled,1,yes,yes,0
0_200_DM,12,paid_duly,radio_tv,5172,lt_100_DM,gte_7yrs,3,male_single,none,3,unknown,34,stores,own,1,management,1,yes,yes,1
no_account,48,all_paid,radio_tv,15411,lt_100_DM,lt_1yr,3,male_single,none,3,real_estate,39,none,rent,3,skilled,1,none,yes,0
no_account,18,paid_duly,education,14084,lt_100_DM,unemployed,3,male_married,guarantor,2,real_estate,48,none,own,3,skilled,1,none,yes,1
gte_200_DM,60,paid_duly,car_used,13279,500_1000_DM,1_4yrs,3,male_married,none,2,unknown,28,none,own,1,skilled,2,yes,yes,1
no_account,36,paid_duly,radio_tv,7013,unknown,1_4yrs,2,male_single,none,2,real_estate,40,none,own,1,skilled,1,yes,yes,0
gte_200_DM,18,paid_duly,other,9420,lt_100_DM,lt_1yr,2,male_divorced,none,4,car,36,none,rent,1,skilled,2,yes,yes,1
0_200_DM,18,existing_paid,car_used,6148,lt_100_DM,4_7yrs,2,male_single,none,2,savings,34,none,rent,1,skilled,1,none,yes,0
lt_0_DM,48,paid_duly,furniture,16805,lt_100_DM,gte_7yrs,2,male_single,none,3,car,38,none,for_free,3,unskilled_r,1,none,yes,0
0_200_DM,12,paid_duly,other,14580,unknown,1_4yrs,2,male_single,none,4,car,31,none,own,2,unskilled_r,1,none,yes,1
gte_200_DM,24,all_paid,car_new,8190,unknown,gte_7yrs,2,male_single,none,3,car,18,none,own,4,skilled,1,none,yes,1
0_200_DM,24,existing_paid,car_new,7957,lt_100_DM,1_4yrs,1,male_single,none,2,savings,38,none,own,4,unskilled_r,1,none,yes,0
lt_0_DM,48,paid_duly,furniture,9425,unknown,1_4yrs,1,male_single,none,1,unknown,39,none,own,2,management,1,none,yes,0
lt_0_DM,60,existing_paid,business,3868,lt_100_DM,1_4yrs,2,male_single,none,1,savings,18,none,own,2,skilled,1,none,yes,0
0_200_DM,24,paid_duly,other,4774,lt_100_DM,lt_1yr,2,male_single,none,3,unknown,43,none,own,1,skilled,1,none,yes,0
no_account,24,critical,furniture,14537,lt_100_DM,4_7yrs,4,male_single,none,4,real_estate,42,none,rent,3,unskilled_r,1,yes,yes,0
lt_0_DM,18,existing_paid,other,2157,100_500_DM,lt_1yr,2,male_single,none,1,real_estate,30,bank,own,1,skilled,2,yes,no,1
0_200_DM,60,paid_duly,car_new,16040,lt_100_DM,4_7yrs,4,male_divorced,none,4,car,18,none,for_free,1,skilled,1,none,yes,0
lt_0_DM,60,paid_duly,car_new,5652,500_1000_DM,1_4yrs,1,male_single,none,4,car,30,none,own,1,skilled,2,yes,yes,0
lt_0_DM,24,paid_duly,education,16098,lt_100_DM,1_4yrs,3,male_single,none,4,unknown,33,none,for_free,1,unemployed,1,yes,yes,0
0_200_DM,36,paid_duly,car_used,15056,lt_100_DM,1_4yrs,4,female_divorced,none,1,savings,48,none,rent,1,skilled,1,none,yes,0
0_200_DM,60,paid_duly,furniture,16758,100_500_DM,1_4yrs,2,male_single,none,3,savings,38,none,own,4,skilled,1,yes,yes,0
0_200_DM,6,paid_duly,radio_tv,16239,100_500_DM,4_7yrs,2,male_single,none,4,car,30,none,own,1,skilled,1,yes,yes,1
0_200_DM,12,existing_paid,radio_tv,9877,gte_1000_DM,gte_7yrs,1,male_single,none,3,unknown,20,bank,own,3,skilled,1,none,yes,0
lt_0_DM,36,delayed,radio_tv,2595,lt_100_DM,gte_7yrs,3,male_single,none,1,real_estate,37,none,own,3,skilled,1,none,yes,0
no_account,36,paid_duly,furniture,6048,unknown,gte_7yrs,3,male_married,none,2,unknown,33,none,for_free,2,unskilled_r,1,none,yes,1
0_200_DM,12,paid_duly,car_new,8589,lt_100_DM,4_7yrs,1,male_married,none,2,car,48,none,rent,1,skilled,1,yes,yes,1
lt_0_DM,12,paid_duly,radio_tv,2831,lt_100_DM,4_7yrs,4,female_divorced,none,3,car,38,bank,own,4,skilled,1,none,yes,1
lt_0_DM,24,existing_paid,business,14948,lt_100_DM,unemployed,4,male_single,none,3,real_estate,38,none,for_free,3,skilled,1,none,yes,0
gte_200_DM,12,paid_duly,furniture,6828,100_500_DM,1_4yrs,1,male_single,guarantor,3,savings,30,none,own,4,skilled,1,yes,yes,1
gte_200_DM,12,existing_paid,other,10318,500_1000_DM,1_4yrs,1,male_single,none,2,car,19,none,own,3,management,1,none,yes,1
no_account,12,existing_paid,other,8435,lt_100_DM,lt_1yr,2,male_single,none,4,savings,18,none,rent,2,skilled,2,yes,yes,1
gte_200_DM,24,existing_paid,car_new,2712,unknown,4_7yrs,3,male_married,none,2,real_estate,51,bank,own,2,skilled,1,none,yes,1
0_200_DM,18,delayed,radio_tv,17603,100_500_DM,1_4yrs,4,male_single,none,2,unknown,44,stores,own,4,unskilled_r,1,none,yes,0
0_200_DM,12,existing_paid,car_new,1173,lt_100_DM,1_4yrs,2,male_single,none,1,savings,30,none,own,3,skilled,1,none,yes,1
no_account,48,critical,furniture,16285,lt_100_DM,4_7yrs,4,male_single,none,2,car,41,none,own,1,unskilled_r,1,yes,yes,0
no_account,36,existing_paid,business,17650,500_1000_DM,lt_1yr,4,male_married,co_applicant,2,unknown,38,none,own,1,management,1,none,no,0
no_account,36,paid_duly,furniture,8680,lt_100_DM,1_4yrs,3,male_single,none,2,savings,28,none,rent,1,management,1,yes,yes,0
no_account,12,paid_duly,car_new,3379,lt_100_DM,gte_7yrs,4,male_married,none,4,real_estate,18,none,for_free,3,unskilled_r,1,yes,yes,1
lt_0_DM,60,existing_paid,furniture,1191,lt_100_DM,1_4yrs,3,male_married,none,2,savings,26,none,own,4,skilled,1,yes,yes,0
no_account,24,paid_duly,furniture,12031,lt_100_DM,4_7yrs,1,male_single,none,1,savings,48,bank,own,1,unskilled_r,1,yes,yes,1
no_account,60,existing_paid,business,16534,100_500_DM,4_7yrs,3,male_single,co_applicant,1,car,45,none,own,3,unskilled_r,1,yes,yes,0
no_account,18,paid_duly,radio_tv,6339,lt_100_DM,1_4yrs,3,male_single,none,4,unknown,35,none,own,3,skilled,1,yes,yes,1
no_account,6,existing_paid,furniture,14716,lt_100_DM,lt_1yr,4,male_married,none,3,savings,39,none,for_free,2,skilled,1,none,yes,1
0_200_DM,60,paid_duly,furniture,9531,100_500_DM,4_7yrs,1,male_married,none,2,savings,48,none,own,1,skilled,2,none,no,0
lt_0_DM,6,existing_paid,business,16510,lt_100_DM,4_7yrs,4,male_single,none,1,car,27,none,rent,3,unemployed,1,none,yes,0
no_account,18,paid_duly,car_new,10803,lt_100_DM,gte_7yrs,2,male_married,none,3,unknown,29,none,own,2,skilled,1,none,yes,1
lt_0_DM,6,paid_duly,radio_tv,15246,lt_100_DM,gte_7yrs,1,male_single,none,4,car,21,none,for_free,2,management,1,none,yes,1
gte_200_DM,24,paid_duly,radio_tv,14769,lt_100_DM,1_4yrs,2,male_married,none,3,unknown,46,none,own,3,skilled,1,none,yes,1
no_account,6,delayed,education,7398,500_1000_DM,gte_7yrs,3,female_divorced,none,4,unknown,18,stores,for_free,2,skilled,1,none,yes,1
no_account,24,existing_paid,radio_tv,7951,500_1000_DM,unemployed,3,male_married,none,1,unknown,41,none,own,2,management,1,none,yes,0
no_account,6,existing_paid,furniture,9976,lt_100_DM,1_4yrs,2,male_married,guarantor,4,car,28,none,own,4,skilled,1,yes,yes,1
no_account,12,paid_duly,radio_tv,16331,lt_100_DM,1_4yrs,4,male_single,none,1,savings,27,none,rent,3,skilled,1,none,yes,1
gte_200_DM,24,paid_duly,business,9519,unknown,unemployed,1,female_divorced,none,4,car,43,bank,own,1,skilled,2,none,yes,0
lt_0_DM,36,existing_paid,car_new,1510,lt_100_DM,gte_7yrs,3,male_single,none,2,unknown,45,none,own,4,management,1,none,yes,0
gte_200_DM,48,existing_paid,radio_tv,941,100_500_DM,lt_1yr,1,male_single,none,2,car,18,bank,own,1,unskilled_r,1,none,yes,1
lt_0_DM,24,paid_duly,furniture,11788,lt_100_DM,1_4yrs,3,male_married,guarantor,2,unknown,19,none,own,2,skilled,1,none,yes,0
0_200_DM,24,delayed,car_used,18254,unknown,4_7yrs,4,male_single,none,3,real_estate,38,none,own,4,skilled,1,none,yes,0
0_200_DM,12,existing_paid,business,14028,100_500_DM,gte_7yrs,2,male_single,none,3,real_estate,24,none,own,4,skilled,1,yes,yes,0
no_account,12,existing_paid,radio_tv,859,100_500_DM,lt_1yr,3,male_single,none,1,car,41,none,own,1,skilled,2,yes,yes,1
lt_0_DM,18,existing_paid,furniture,9712,lt_100_DM,4_7yrs,1,male_single,none,2,car,42,none,own,4,skilled,1,yes,yes,0
gte_200_DM,48,paid_duly,radio_tv,1258,lt_100_DM,lt_1yr,4,male_single,none,4,real_estate,34,none,rent,1,skilled,1,yes,yes,1
lt_0_DM,24,paid_duly,furniture,10140,lt_100_DM,gte_7yrs,1,female_divorced,none,3,savings,25,none,own,1,unskilled_r,1,yes,yes,0
lt_0_DM,48,existing_paid,car_new,13408,500_1000_DM,gte_7yrs,1,male_single,none,4,car,34,none,own,3,skilled,1,yes,yes,0
lt_0_DM,60,paid_duly,education,8178,lt_100_DM,4_7yrs,2,male_single,none,2,real_estate,26,none,own,2,skilled,1,none,yes,0
no_account,18,all_paid,car_new,9711,500_1000_DM,4_7yrs,1,male_single,guarantor,4,savings,46,none,rent,2,skilled,1,none,yes,1
no_account,48,paid_duly,furniture,6803,gte_1000_DM,4_7yrs,4,male_single,none,3,car,41,none,own,2,unskilled_r,1,none,yes,0
lt_0_DM,60,paid_duly,car_used,7456,gte_1000_DM,1_4yrs,3,male_single,guarantor,4,unknown,46,none,rent,3,skilled,1,none,yes,0
lt_0_DM,36,paid_duly,radio_tv,16941,lt_100_DM,1_4yrs,4,male_divorced,none,3,real_estate,36,bank,own,3,skilled,1,none,yes,0
gte_200_DM,18,delayed,car_new,14698,lt_100_DM,gte_7yrs,1,male_single,none,2,unknown,49,none,own,1,skilled,2,none,yes,1
no_account,36,paid_duly,radio_tv,16678,lt_100_DM,gte_7yrs,2,male_married,none,3,savings,31,none,own,1,skilled,1,yes,no,0
lt_0_DM,18,paid_duly,radio_tv,15656,lt_100_DM,1_4yrs,4,male_single,none,4,real_estate,43,stores,for_free,3,skilled,1,none,yes,1
no_account,6,all_paid,radio_tv,12177,unknown,1_4yrs,1,female_divorced,none,3,real_estate,32,none,own,4,unskilled_r,1,yes,yes,1
0_200_DM,36,paid_duly,other,656,gte_1000_DM,4_7yrs,4,male_married,none,2,unknown,24,none,own,1,management,1,none,yes,0
0_200_DM,48,existing_paid,other,5790,lt_100_DM,1_4yrs,2,male_married,none,4,savings,18,stores,for_free,3,skilled,2,none,yes,0
lt_0_DM,48,paid_duly,car_used,12765,lt_100_DM,gte_7yrs,1,male_divorced,none,2,real_estate,18,none,own,4,skilled,1,none,no,0
gte_200_DM,60,paid_duly,radio_tv,7631,lt_100_DM,4_7yrs,3,male_single,none,1,car,44,none,own,3,management,1,yes,yes,0
no_account,6,paid_duly,radio_tv,2712,gte_1000_DM,gte_7yrs,2,male_single,guarantor,2,unknown,39,stores,own,4,unskilled_r,1,none,yes,1
no_account,18,paid_duly,education,15550,lt_100_DM,gte_7yrs,4,male_married,none,4,car,18,none,own,4,skilled,1,none,yes,1
lt_0_DM,36,paid_duly,radio_tv,17554,lt_100_DM,1_4yrs,4,male_single,co_applicant,3,unknown,18,none,for_free,4,skilled,1,none,yes,0
no_account,48,existing_paid,car_new,6651,lt_100_DM,1_4yrs,4,male_married,none,1,unknown,44,none,rent,1,management,1,yes,yes,0
lt_0_DM,36,paid_duly,radio_tv,15925,lt_100_DM,gte_7yrs,1,male_married,none,4,real_estate,21,none,own,2,skilled,1,none,no,0
no_account,12,paid_duly,other,9865,lt_100_DM,1_4yrs,4,male_single,none,2,savings,43,none,own,3,skilled,1,none,no,1
no_account,18,critical,furniture,16902,gte_1000_DM,lt_1yr,1,female_divorced,none,2,car,25,none,own,4,skilled,1,none,yes,1
no_account,6,existing_paid,radio_tv,10930,lt_100_DM,1_4yrs,4,male_married,none,4,unknown,52,bank,rent,1,skilled,1,none,yes,1
no_account,48,all_paid,car_used,1196,gte_1000_DM,1_4yrs,3,male_married,none,4,savings,31,none,own,4,skilled,1,yes,yes,1
lt_0_DM,48,paid_duly,radio_tv,9312,lt_100_DM,unemployed,2,male_single,co_applicant,2,savings,25,none,own,1,skilled,1,none,yes,0
no_account,36,paid_duly,other,7816,lt_100_DM,gte_7yrs,2,male_divorced,none,3,car,36,bank,own,2,unskilled_r,1,yes,yes,0
lt_0_DM,18,existing_paid,radio_tv,7519,unknown,unemployed,1,male_married,none,3,car,20,none,own,3,skilled,1,yes,yes,0
0_200_DM,48,critical,radio_tv,10598,lt_100_DM,1_4yrs,2,male_married,none,4,savings,27,none,own,1,unskilled_r,2,none,yes,0
0_200_DM,18,existing_paid,furniture,3808,lt_100_DM,unemployed,2,male_single,none,2,real_estate,50,bank,own,3,skilled,1,yes,yes,1
lt_0_DM,6,paid_duly,car_new,1518,unknown,4_7yrs,3,male_married,none,2,savings,41,none,rent,2,skilled,1,none,yes,1
gte_200_DM,6,existing_paid,radio_tv,1344,unknown,lt_1yr,2,male_married,none,2,unknown,48,none,own,1,skilled,1,none,yes,1
lt_0_DM,24,paid_duly,business,3244,500_1000_DM,1_4yrs,4,male_single,none,1,unknown,45,stores,own,3,skilled,1,none,yes,0
gte_200_DM,24,existing_paid,radio_tv,13102,unknown,lt_1yr,1,male_single,none,1,unknown,55,bank,own,1,unskilled_r,1,yes,yes,0
no_account,6,paid_duly,car_new,18407,lt_100_DM,unemployed,2,female_divorced,none,3,car,54,none,for_free,2,skilled,1,none,yes,1
0_200_DM,6,existing_paid,radio_tv,2921,lt_100_DM,lt_1yr,3,male_single,none,1,car,27,bank,rent,2,unskilled_r,1,none,yes,1
0_200_DM,24,delayed,car_new,3186,lt_100_DM,1_4yrs,4,male_single,co_applicant,1,savings,18,none,own,3,skilled,1,none,yes,0
0_200_DM,12,paid_duly,car_used,5252,lt_100_DM,gte_7yrs,1,male_single,none,4,car,32,none,for_free,3,skilled,1,none,yes,1
0_200_DM,12,paid_duly,furniture,2652,unknown,lt_1yr,1,female_divorced,none,2,car,41,none,for_free,2,skilled,1,none,yes,1
lt_0_DM,36,paid_duly,car_new,18138,lt_100_DM,lt_1yr,3,male_single,none,2,savings,32,none,own,1,skilled,1,none,yes,0
no_account,12,paid_duly,furniture,10314,lt_100_DM,lt_1yr,3,male_single,none,3,real_estate,45,none,own,3,skilled,1,none,yes,1
gte_200_DM,36,paid_duly,car_used,13483,lt_100_DM,4_7yrs,1,male_single,co_applicant,2,unknown,34,none,own,2,unskilled_r,1,none,yes,0
gte_200_DM,36,delayed,radio_tv,1837,lt_100_DM,gte_7yrs,4,male_single,guarantor,2,car,34,none,rent,1,management,1,none,no,1
0_200_DM,48,paid_duly,education,12738,lt_100_DM,4_7yrs,2,male_single,none,4,savings,40,none,own,3,unskilled_r,1,none,yes,0
no_account,6,paid_duly,radio_tv,5125,lt_100_DM,1_4yrs,3,male_single,guarantor,1,car,36,none,own,1,skilled,1,none,yes,1
no_account,60,existing_paid,furniture,17868,lt_100_DM,lt_1yr,2,male_single,none,2,car,42,none,own,4,skilled,1,yes,yes,0
no_account,6,paid_duly,car_used,12918,lt_100_DM,1_4yrs,3,male_single,none,3,unknown,27,none,own,3,skilled,1,yes,yes,1
0_200_DM,12,paid_duly,radio_tv,849,100_500_DM,1_4yrs,3,male_single,none,1,car,59,none,own,1,skilled,1,yes,yes,1
0_200_DM,12,existing_paid,car_new,1160,lt_100_DM,1_4yrs,3,male_divorced,none,4,car,18,none,own,2,management,1,yes,yes,1
0_200_DM,36,existing_paid,furniture,7366,lt_100_DM,1_4yrs,3,male_single,none,2,unknown,42,none,own,4,unskilled_r,1,none,yes,0
0_200_DM,18,paid_duly,radio_tv,10533,lt_100_DM,gte_7yrs,4,male_single,none,3,real_estate,18,stores,own,3,management,1,none,yes,1
no_account,24,paid_duly,radio_tv,1301,gte_1000_DM,gte_7yrs,1,male_single,none,1,savings,44,none,own,4,skilled,1,none,yes,1
0_200_DM,48,existing_paid,car_new,13386,lt_100_DM,lt_1yr,1,male_married,none,4,car,35,none,own,2,unskilled_r,1,none,yes,0
gte_200_DM,60,critical,radio_tv,5849,lt_100_DM,gte_7yrs,1,male_single,none,1,unknown,49,stores,for_free,3,skilled,1,none,yes,0
0_200_DM,36,paid_duly,car_new,7748,lt_100_DM,gte_7yrs,1,male_single,none,4,savings,18,bank,own,1,skilled,2,yes,yes,0
gte_200_DM,12,existing_paid,furniture,6100,lt_100_DM,4_7yrs,4,female_divorced,none,1,car,27,none,own,3,unskilled_r,1,none,yes,1
no_account,36,paid_duly,business,12432,lt_100_DM,gte_7yrs,4,male_single,none,4,car,40,none,own,2,skilled,1,none,yes,1
lt_0_DM,60,paid_duly,business,11660,100_500_DM,gte_7yrs,4,female_divorced,none,2,real_estate,37,none,own,2,skilled,1,yes,yes,0
no_account,24,paid_duly,car_new,14261,100_500_DM,4_7yrs,2,female_divorced,none,3,real_estate,46,none,for_free,4,management,1,none,yes,0
0_200_DM,60,paid_duly,car_used,16559,unknown,gte_7yrs,2,male_divorced,none,4,real_estate,25,none,own,3,unskilled_r,1,yes,yes,0
gte_200_DM,60,paid_duly,furniture,2285,lt_100_DM,1_4yrs,1,female_divorced,none,4,savings,48,stores,own,2,skilled,1,none,yes,1
no_account,48,paid_duly,radio_tv,11100,500_1000_DM,lt_1yr,4,male_married,none,3,savings,42,none,rent,1,management,1,yes,yes,0
gte_200_DM,60,paid_duly,business,10700,gte_1000_DM,1_4yrs,4,male_single,none,2,real_estate,38,none,own,3,skilled,1,none,yes,1
0_200_DM,6,paid_duly,radio_tv,5141,lt_100_DM,4_7yrs,2,male_married,none,2,car,65,bank,for_free,2,skilled,1,none,yes,1
no_account,24,paid_duly,car_new,17946,500_1000_DM,unemployed,3,male_single,none,3,car,18,none,own,3,skilled,1,none,yes,1
0_200_DM,6,existing_paid,radio_tv,3116,lt_100_DM,lt_1yr,4,male_married,guarantor,1,real_estate,25,none,own,3,unskilled_nr,2,yes,no,1
0_200_DM,24,existing_paid,car_new,9173,lt_100_DM,1_4yrs,2,female_divorced,none,4,real_estate,41,none,own,2,skilled,1,none,yes,0
no_account,6,all_paid,furniture,5459,lt_100_DM,unemployed,2,male_single,none,1,real_estate,31,none,own,2,unemployed,1,none,yes,1
no_account,12,existing_paid,furniture,10651,lt_100_DM,1_4yrs,3,male_married,none,2,real_estate,43,stores,own,3,unskilled_r,1,none,yes,1
gte_200_DM,60,existing_paid,radio_tv,5756,lt_100_DM,gte_7yrs,1,male_divorced,none,3,real_estate,35,none,rent,1,unskilled_r,2,none,yes,0
lt_0_DM,48,existing_paid,business,18353,unknown,1_4yrs,1,female_divorced,none,4,real_estate,32,bank,rent,4,skilled,1,yes,yes,0
gte_200_DM,12,existing_paid,furniture,9197,100_500_DM,gte_7yrs,3,male_single,none,1,car,46,none,rent,3,skilled,1,yes,yes,1
gte_200_DM,36,paid_duly,business,11544,lt_100_DM,gte_7yrs,4,male_married,none,4,unknown,51,bank,own,2,management,1,yes,yes,0
no_account,6,existing_paid,radio_tv,10428,lt_100_DM,1_4yrs,4,male_married,none,3,real_estate,39,bank,own,1,unskilled_r,1,none,yes,1
no_account,12,existing_paid,other,16982,500_1000_DM,1_4yrs,4,male_married,none,4,car,43,none,own,1,skilled,2,none,yes,1
no_account,36,paid_duly,radio_tv,18107,unknown,lt_1yr,4,male_single,none,4,car,54,none,rent,3,skilled,1,yes,yes,0
0_200_DM,12,paid_duly,radio_tv,522,lt_100_DM,1_4yrs,2,male_married,none,1,savings,28,none,own,1,management,1,none,yes,1
no_account,36,existing_paid,car_new,13505,lt_100_DM,gte_7yrs,4,female_divorced,none,2,unknown,23,none,rent,1,skilled,1,yes,yes,0
gte_200_DM,60,existing_paid,furniture,6233,lt_100_DM,gte_7yrs,1,male_married,none,4,unknown,33,none,own,1,skilled,1,yes,yes,0
no_account,24,existing_paid,car_new,15109,lt_100_DM,gte_7yrs,1,male_married,guarantor,4,real_estate,28,none,own,3,skilled,1,none,yes,0
no_account,24,existing_paid,business,11335,unknown,4_7yrs,1,male_single,none,1,real_estate,22,none,own,2,skilled,1,yes,yes,0
0_200_DM,24,delayed,radio_tv,12984,100_500_DM,4_7yrs,2,male_single,none,3,car,18,bank,own,3,skilled,1,none,yes,0
0_200_DM,24,paid_duly,radio_tv,2810,unknown,lt_1yr,2,male_single,none,1,unknown,37,none,own,4,management,1,none,yes,0
lt_0_DM,18,all_paid,car_new,2302,lt_100_DM,unemployed,4,male_married,co_applicant,1,savings,37,bank,own,3,management,1,none,yes,1
lt_0_DM,48,existing_paid,radio_tv,13925,500_1000_DM,1_4yrs,3,male_single,none,1,car,18,none,own,1,unskilled_r,1,yes,yes,0
lt_0_DM,48,existing_paid,radio_tv,15699,lt_100_DM,4_7yrs,4,male_married,none,4,car,48,none,rent,2,skilled,1,none,yes,0
0_200_DM,18,paid_duly,car_new,12320,lt_100_DM,1_4yrs,1,male_married,none,1,real_estate,18,none,for_free,3,skilled,2,none,yes,1
no_account,12,paid_duly,radio_tv,8885,lt_100_DM,gte_7yrs,3,male_married,none,4,unknown,22,none,own,3,skilled,2,none,yes,1
lt_0_DM,18,paid_duly,business,2904,lt_100_DM,4_7yrs,3,male_married,none,1,car,32,none,own,4,unskilled_nr,2,yes,yes,1
lt_0_DM,60,existing_paid,furniture,4735,unknown,1_4yrs,3,male_married,none,3,savings,36,none,own,4,skilled,1,none,yes,0
no_account,18,all_paid,radio_tv,14195,lt_100_DM,1_4yrs,3,male_single,none,1,car,32,none,own,4,skilled,1,none,yes,1
no_account,18,paid_duly,car_new,14786,lt_100_DM,lt_1yr,1,male_married,none,2,real_estate,43,none,own,2,skilled,1,yes,yes,1
lt_0_DM,48,paid_duly,other,6661,100_500_DM,gte_7yrs,2,male_single,guarantor,1,car,36,bank,for_free,1,skilled,1,none,yes,0
lt_0_DM,24,paid_duly,car_new,10541,unknown,1_4yrs,3,male_married,none,1,savings,33,none,own,1,unskilled_r,1,none,yes,0
0_200_DM,48,paid_duly,furniture,4802,lt_100_DM,gte_7yrs,4,female_divorced,none,3,car,18,none,rent,4,skilled,1,yes,yes,0
no_account,12,paid_duly,radio_tv,9840,unknown,lt_1yr,2,male_married,none,4,car,33,none,own,3,management,1,yes,yes,1
lt_0_DM,60,paid_duly,radio_tv,15466,lt_100_DM,unemployed,4,male_married,none,3,unknown,56,none,rent,2,management,1,none,yes,0
0_200_DM,6,paid_duly,car_used,17820,unknown,1_4yrs,3,male_single,none,1,savings,18,none,own,1,skilled,1,none,yes,1
lt_0_DM,12,paid_duly,radio_tv,10600,500_1000_DM,1_4yrs,3,male_single,none,2,savings,51,none,rent,1,unskilled_r,1,none,yes,1
gte_200_DM,36,paid_duly,furniture,14641,lt_100_DM,1_4yrs,1,male_single,none,3,savings,19,none,own,3,skilled,2,none,yes,1
lt_0_DM,36,existing_paid,radio_tv,9000,lt_100_DM,4_7yrs,1,male_married,none,2,car,36,stores,own,4,unskilled_r,1,none,yes,0
0_200_DM,6,existing_paid,furniture,2946,lt_100_DM,lt_1yr,3,male_divorced,none,1,real_estate,22,stores,rent,2,skilled,1,none,yes,1
gte_200_DM,60,delayed,radio_tv,14111,lt_100_DM,1_4yrs,4,male_divorced,none,4,unknown,32,stores,own,3,management,1,none,yes,0
0_200_DM,48,all_paid,car_new,2237,unknown,lt_1yr,1,male_single,none,1,real_estate,39,stores,own,4,management,1,none,yes,0
gte_200_DM,18,paid_duly,other,16402,gte_1000_DM,4_7yrs,3,male_single,guarantor,3,real_estate,25,none,own,2,skilled,1,none,yes,1
no_account,36,paid_duly,other,6646,lt_100_DM,1_4yrs,4,male_single,none,4,car,34,none,for_free,2,skilled,1,none,yes,1
lt_0_DM,36,critical,education,16724,lt_100_DM,gte_7yrs,2,male_single,none,1,real_estate,35,bank,own,2,skilled,2,none,yes,0
lt_0_DM,48,existing_paid,car_used,6161,unknown,gte_7yrs,1,male_married,none,4,car,35,stores,own,3,skilled,2,yes,yes,0
lt_0_DM,24,existing_paid,car_used,9956,500_1000_DM,gte_7yrs,1,male_single,none,3,car,27,bank,own,4,unskilled_nr,2,none,yes,0
0_200_DM,6,paid_duly,business,8513,lt_100_DM,4_7yrs,2,male_married,none,1,real_estate,40,none,own,2,unskilled_r,1,none,yes,1
0_200_DM,6,delayed,radio_tv,10218,unknown,gte_7yrs,2,male_married,none,4,car,22,none,own,2,unskilled_r,1,none,yes,0
0_200_DM,24,paid_duly,car_new,9280,lt_100_DM,gte_7yrs,2,male_single,none,3,savings,37,none,own,1,unskilled_r,1,none,yes,0
no_account,48,paid_duly,furniture,3374,unknown,1_4yrs,3,male_single,none,2,savings,51,none,for_free,1,skilled,1,none,yes,1
gte_200_DM,18,paid_duly,furniture,11529,lt_100_DM,gte_7yrs,4,male_single,co_applicant,2,real_estate,30,stores,own,2,skilled,1,yes,yes,1
no_account,48,existing_paid,radio_tv,12492,unknown,1_4yrs,1,male_married,none,1,real_estate,21,none,rent,1,skilled,1,yes,yes,0
gte_200_DM,6,paid_duly,other,18324,unknown,lt_1yr,3,male_single,none,3,real_estate,33,none,own,4,unskilled_r,1,none,yes,1
no_account,60,paid_duly,car_new,16196,lt_100_DM,lt_1yr,4,male_single,none,3,car,18,none,own,3,skilled,1,none,yes,0
gte_200_DM,24,paid_duly,furniture,17332,lt_100_DM,1_4yrs,3,male_divorced,none,3,unknown,33,none,rent,1,skilled,1,yes,no,1
