store_id,dept_id,day,sell_price,snap,event_type,lag_1,lag_7,lag_28,rolling_mean_7,rolling_mean_28,sales
CA_2,FOODS_1,42,11.16,0,None,79,77,71,78.0,75.67,78
CA_1,FOODS_2,65,6.01,0,None,68,70,75,69.0,71.0,69
TX_1,HOBBIES_1,22,6.87,0,None,26,29,21,27.5,25.33,28
CA_2,HOUSEHOLD_1,2,2.92,0,None,37,43,36,40.0,38.67,38
WI_1,HOBBIES_1,29,7.57,0,None,49,46,53,47.5,49.33,50
TX_1,HOUSEHOLD_1,36,7.97,0,None,17,12,21,14.5,16.67,15
CA_1,HOUSEHOLD_1,32,8.48,0,None,52,50,57,51.0,53.0,51
WI_1,FOODS_3,13,7.0,0,None,46,48,48,47.0,47.33,46
CA_2,HOBBIES_1,2,8.24,1,None,57,59,56,58.0,57.33,59
WI_1,FOODS_1,1,9.67,0,None,71,71,67,71.0,69.67,71
TX_2,HOBBIES_1,44,9.22,0,None,7,8,15,7.5,10.0,8
TX_2,HOUSEHOLD_1,11,10.19,1,Cultural,50,53,42,51.5,48.33,49
CA_1,HOBBIES_1,41,11.86,0,None,39,45,43,42.0,42.33,41
CA_1,FOODS_3,31,11.67,0,None,66,70,61,68.0,65.67,68
WI_1,FOODS_2,9,10.4,0,National,35,31,29,33.0,31.67,36
CA_1,HOBBIES_1,14,3.34,1,Cultural,35,37,27,36.0,33.0,34
TX_1,HOUSEHOLD_1,28,3.84,0,None,16,15,21,15.5,17.33,15
TX_2,FOODS_3,71,3.87,1,None,27,26,36,26.5,29.67,28
CA_2,HOUSEHOLD_1,64,9.96,0,None,47,50,47,48.5,48.0,45
TX_1,FOODS_1,33,4.04,0,None,18,21,17,19.5,18.67,17
WI_1,HOUSEHOLD_1,16,9.79,1,None,76,80,75,78.0,77.0,75
CA_2,FOODS_1,31,5.51,0,None,76,75,79,75.5,76.67,78
WI_1,FOODS_2,51,9.74,1,None,41,44,46,42.5,43.67,39
WI_1,FOODS_1,61,7.95,0,None,81,79,73,80.0,77.67,81
TX_1,HOUSEHOLD_1,61,4.67,1,None,26,23,20,24.5,23.0,24
TX_2,HOBBIES_1,46,5.68,1,None,13,16,5,14.5,11.33,13
WI_1,HOUSEHOLD_1,35,4.26,0,None,78,81,82,79.5,80.33,77
CA_1,HOBBIES_1,20,4.58,0,Cultural,38,37,43,37.5,39.33,36
TX_1,FOODS_1,74,1.63,0,None,18,15,19,16.5,17.33,19
WI_1,FOODS_3,16,5.63,0,None,45,42,48,43.5,45.0,46
CA_2,FOODS_3,5,5.13,0,None,68,63,74,65.5,68.33,67
TX_1,FOODS_3,27,2.83,0,None,79,79,85,79.0,81.0,80
CA_1,HOUSEHOLD_1,74,7.03,0,None,49,53,57,51.0,53.0,49
CA_2,FOODS_1,54,5.4,0,None,87,89,89,88.0,88.33,87
WI_1,HOBBIES_1,6,10.24,0,None,44,46,52,45.0,47.33,46
TX_1,FOODS_1,12,2.55,1,None,19,23,25,21.0,22.33,20
CA_2,HOUSEHOLD_1,15,6.18,0,None,41,42,50,41.5,44.33,42
TX_2,FOODS_2,71,10.05,1,National,86,82,83,84.0,83.67,85
CA_2,FOODS_1,24,7.28,0,None,86,80,90,83.0,85.33,85
WI_1,FOODS_1,2,11.65,1,None,69,69,68,69.0,68.67,71
CA_2,FOODS_3,38,7.73,0,None,71,72,78,71.5,73.67,73
TX_1,FOODS_2,15,5.8,0,None,52,50,48,51.0,50.0,52
TX_1,FOODS_1,11,2.96,1,None,16,18,8,17.0,14.0,16
TX_2,FOODS_3,27,6.95,1,None,21,14,25,17.5,20.0,19
TX_1,FOODS_3,50,2.44,0,None,91,89,88,90.0,89.33,89
CA_1,FOODS_3,29,6.81,0,None,63,58,57,60.5,59.33,62
TX_1,FOODS_1,50,6.39,0,Cultural,19,24,17,21.5,20.0,20
CA_1,FOODS_3,17,9.71,1,None,61,60,54,60.5,58.33,61
CA_1,HOBBIES_1,62,8.94,0,None,42,38,40,40.0,40.0,40
TX_1,FOODS_1,18,1.64,0,None,21,16,17,18.5,18.0,20
TX_1,HOUSEHOLD_1,12,7.19,0,None,26,20,20,23.0,22.0,24
CA_1,HOBBIES_1,70,2.49,0,None,37,42,46,39.5,41.67,39
WI_1,HOBBIES_1,35,8.17,0,None,44,46,42,45.0,44.0,45
CA_2,FOODS_3,69,7.39,0,None,71,68,74,69.5,71.0,71
WI_1,FOODS_1,53,5.69,0,None,86,85,87,85.5,86.0,86
TX_2,FOODS_2,76,5.59,0,None,86,80,85,83.0,83.67,85
WI_1,HOUSEHOLD_1,10,11.49,0,None,78,81,81,79.5,80.0,76
TX_1,FOODS_3,77,2.07,0,None,93,90,99,91.5,94.0,93
TX_1,HOUSEHOLD_1,25,9.05,1,None,15,17,23,16.0,18.33,15
TX_2,HOUSEHOLD_1,21,9.85,0,None,47,53,45,50.0,48.33,48
TX_1,HOUSEHOLD_1,29,1.86,1,None,25,28,18,26.5,23.67,23
CA_2,FOODS_1,38,11.4,0,None,86,89,92,87.5,89.0,84
CA_1,HOUSEHOLD_1,64,9.43,1,None,52,51,47,51.5,50.0,53
TX_1,FOODS_3,9,6.33,0,None,79,83,80,81.0,80.67,80
CA_2,HOBBIES_1,16,5.64,0,None,60,63,59,61.5,60.67,59
CA_2,FOODS_2,24,8.29,1,None,72,66,77,69.0,71.67,71
TX_1,FOODS_3,39,11.75,0,None,86,85,94,85.5,88.33,88
CA_2,HOBBIES_1,22,7.65,0,National,64,60,64,62.0,62.67,63
CA_1,FOODS_3,22,10.77,0,None,64,65,68,64.5,65.67,63
CA_2,FOODS_3,46,2.01,0,None,73,69,74,71.0,72.0,71
WI_1,HOBBIES_1,43,7.02,0,None,49,55,57,52.0,53.67,50
TX_2,FOODS_3,23,6.52,0,None,23,27,24,25.0,24.67,24
CA_2,HOUSEHOLD_1,23,7.94,0,None,46,46,42,46.0,44.67,44
CA_1,HOUSEHOLD_1,27,2.59,0,None,46,44,46,45.0,45.33,47
WI_1,HOBBIES_1,4,6.4,0,None,46,50,37,48.0,44.33,45
CA_2,HOBBIES_1,35,4.84,0,National,63,63,58,63.0,61.33,64
TX_1,HOUSEHOLD_1,44,6.22,0,None,27,29,21,28.0,25.67,26
TX_1,FOODS_3,75,9.14,0,None,92,91,91,91.5,91.33,91
TX_2,FOODS_1,42,8.26,0,None,74,79,80,76.5,77.67,75
WI_1,HOUSEHOLD_1,24,9.81,0,None,74,77,75,75.5,75.33,75
WI_1,FOODS_3,30,11.0,1,None,52,49,46,50.5,49.0,50
CA_1,FOODS_3,45,3.46,0,None,66,63,65,64.5,64.67,67
CA_1,FOODS_1,16,5.51,0,None,33,40,40,36.5,37.67,35
CA_1,HOBBIES_1,35,2.24,0,None,33,33,30,33.0,32.0,34
WI_1,HOBBIES_1,49,1.88,0,None,47,47,48,47.0,47.33,49
TX_2,FOODS_3,8,4.38,1,None,22,25,24,23.5,23.67,23
WI_1,FOODS_3,56,5.01,0,Cultural,47,44,45,45.5,45.33,49
CA_2,FOODS_2,69,11.43,0,None,74,70,75,72.0,73.0,75
TX_1,FOODS_1,69,5.2,0,None,20,17,14,18.5,17.0,18
CA_2,FOODS_3,52,3.26,0,None,75,77,67,76.0,73.0,73
TX_1,FOODS_1,51,9.25,0,None,17,21,13,19.0,17.0,19
TX_1,FOODS_3,16,8.19,0,None,84,79,86,81.5,83.0,82
TX_1,FOODS_1,63,3.85,0,None,19,13,12,16.0,14.67,18
CA_2,FOODS_2,4,4.98,1,None,68,67,68,67.5,67.67,66
CA_2,FOODS_2,57,9.67,0,None,68,71,74,69.5,71.0,66
CA_1,FOODS_3,46,1.98,0,None,73,77,80,75.0,76.67,74
TX_1,FOODS_1,43,7.42,1,Religious,16,18,23,17.0,19.0,18
WI_1,FOODS_2,19,7.51,0,None,35,32,35,33.5,34.0,34
TX_2,FOODS_1,6,3.1,0,None,71,72,62,71.5,68.33,69
TX_1,HOBBIES_1,5,9.76,0,None,29,27,21,28.0,25.67,29
TX_2,FOODS_1,35,6.92,0,None,75,73,73,74.0,73.67,73
TX_1,HOUSEHOLD_1,10,10.49,0,None,20,16,16,18.0,17.33,20
TX_2,HOBBIES_1,38,5.28,0,None,19,18,10,18.5,15.67,18
CA_2,FOODS_2,17,2.63,0,None,67,73,63,70.0,67.67,68
WI_1,FOODS_2,75,6.7,0,None,43,37,36,40.0,38.67,41
TX_2,FOODS_2,16,8.3,1,None,75,77,77,76.0,76.33,76
TX_1,FOODS_1,13,11.08,0,None,15,10,23,12.5,16.0,15
TX_2,FOODS_1,54,9.38,0,None,69,68,77,68.5,71.33,70
TX_1,HOUSEHOLD_1,43,2.28,0,None,20,25,27,22.5,24.0,22
WI_1,FOODS_1,71,9.55,0,Cultural,86,82,86,84.0,84.67,85
TX_1,HOBBIES_1,36,8.89,0,None,29,31,29,30.0,29.67,27
TX_2,FOODS_3,51,4.81,0,None,28,26,22,27.0,25.33,26
CA_1,HOUSEHOLD_1,3,5.82,0,None,41,45,37,43.0,41.0,43
CA_1,FOODS_1,57,10.92,0,None,44,38,41,41.0,41.0,42
TX_1,FOODS_1,65,9.2,0,None,21,25,23,23.0,23.0,21
TX_1,FOODS_3,21,9.22,0,None,80,77,79,78.5,78.67,82
WI_1,FOODS_3,65,7.31,1,None,51,53,43,52.0,49.0,49
TX_1,HOBBIES_1,63,10.77,1,None,35,33,39,34.0,35.67,33
TX_2,HOUSEHOLD_1,25,3.57,0,None,44,43,47,43.5,44.67,45
CA_1,FOODS_1,44,8.35,0,None,42,43,37,42.5,40.67,42
CA_1,FOODS_2,24,2.71,0,None,65,65,71,65.0,67.0,66
CA_1,HOBBIES_1,44,7.78,0,None,39,35,38,37.0,37.33,37
WI_1,HOBBIES_1,62,8.35,1,None,50,54,57,52.0,53.67,51
CA_1,HOUSEHOLD_1,46,11.81,0,None,48,53,57,50.5,52.67,50
CA_1,FOODS_2,25,3.78,1,None,70,67,62,68.5,66.33,68
WI_1,FOODS_3,72,5.1,0,None,50,53,50,51.5,51.0,52
CA_2,HOBBIES_1,59,5.31,0,Cultural,71,73,65,72.0,69.67,70
TX_1,FOODS_2,35,4.85,0,None,57,58,53,57.5,56.0,56
CA_1,FOODS_2,31,11.77,0,None,70,67,68,68.5,68.33,71
TX_1,FOODS_2,58,5.01,0,None,60,63,62,61.5,61.67,61
CA_2,FOODS_2,36,8.17,0,None,72,72,74,72.0,72.67,72
WI_1,HOUSEHOLD_1,58,6.95,0,None,82,82,90,82.0,84.67,84
TX_1,FOODS_1,44,8.68,0,None,22,25,18,23.5,21.67,20
WI_1,HOBBIES_1,68,9.21,0,None,52,49,47,50.5,49.33,52
TX_2,HOBBIES_1,72,9.25,0,None,9,13,18,11.0,13.33,11
TX_2,FOODS_2,47,2.48,1,None,84,77,76,80.5,79.0,82
TX_2,FOODS_2,13,8.85,0,None,79,76,73,77.5,76.0,79
TX_2,HOUSEHOLD_1,40,7.19,1,None,50,49,46,49.5,48.33,48
CA_2,FOODS_3,10,8.94,0,None,66,62,59,64.0,62.33,66
CA_1,FOODS_1,73,8.0,0,None,44,47,43,45.5,44.67,45
TX_2,HOBBIES_1,10,5.88,0,None,9,13,10,11.0,10.67,9
TX_2,FOODS_1,25,2.25,0,None,62,63,62,62.5,62.33,62
TX_2,FOODS_2,3,5.49,0,None,73,80,79,76.5,77.33,75
TX_1,FOODS_2,19,7.14,0,None,53,51,53,52.0,52.33,52
CA_2,FOODS_2,20,11.68,0,None,70,67,71,68.5,69.33,72
WI_1,HOBBIES_1,21,5.13,0,None,46,46,45,46.0,45.67,45
CA_2,FOODS_2,45,11.0,0,None,71,73,63,72.0,69.0,71
TX_1,HOUSEHOLD_1,13,9.48,0,None,17,13,16,15.0,15.33,17
CA_2,HOUSEHOLD_1,20,7.89,0,None,36,34,30,35.0,33.33,38
WI_1,HOUSEHOLD_1,67,2.58,0,None,85,88,86,86.5,86.33,84
TX_2,HOBBIES_1,56,4.38,1,None,17,14,16,15.5,15.67,15
TX_1,FOODS_1,23,9.41,1,None,16,15,11,15.5,14.0,18
CA_1,HOUSEHOLD_1,4,3.08,1,None,40,40,44,40.0,41.33,42
CA_2,HOUSEHOLD_1,73,11.28,1,None,47,45,43,46.0,45.0,46
CA_2,FOODS_1,21,9.86,0,None,88,87,94,87.5,89.67,86
WI_1,HOBBIES_1,55,9.85,1,None,47,49,54,48.0,50.0,46
TX_2,FOODS_3,20,9.01,0,None,22,19,17,20.5,19.33,21
CA_1,HOUSEHOLD_1,2,4.96,1,None,47,42,51,44.5,46.67,47
CA_1,FOODS_3,73,11.55,0,Religious,75,75,72,75.0,74.0,73
WI_1,FOODS_2,21,6.69,1,None,36,39,36,37.5,37.0,37
TX_2,HOBBIES_1,42,2.77,1,None,8,8,5,8.0,7.0,7
TX_2,HOUSEHOLD_1,12,11.52,0,None,51,45,49,48.0,48.33,49
TX_1,HOUSEHOLD_1,57,8.68,0,None,15,21,17,18.0,17.67,17
TX_2,FOODS_1,44,10.02,0,None,71,75,63,73.0,69.67,71
CA_1,FOODS_2,72,9.74,0,None,76,72,73,74.0,73.67,76
WI_1,FOODS_1,47,9.62,1,None,79,73,85,76.0,79.0,77
CA_2,HOUSEHOLD_1,30,11.45,0,None,45,41,36,43.0,40.67,43
CA_2,HOUSEHOLD_1,75,10.62,0,None,47,47,55,47.0,49.67,48
CA_2,HOUSEHOLD_1,63,3.19,1,None,41,43,34,42.0,39.33,42
TX_1,FOODS_1,3,10.15,0,None,19,21,18,20.0,19.33,21
TX_1,FOODS_2,63,3.0,0,None,61,61,66,61.0,62.67,59
TX_1,HOUSEHOLD_1,33,2.04,1,None,15,20,10,17.5,15.0,17
TX_2,FOODS_2,62,9.96,1,None,85,89,83,87.0,85.67,87
TX_1,HOUSEHOLD_1,39,7.63,0,None,24,25,28,24.5,25.67,23
TX_1,FOODS_2,33,8.49,1,None,62,56,55,59.0,57.67,60
CA_1,HOBBIES_1,56,1.72,0,None,42,41,45,41.5,42.67,43
WI_1,FOODS_1,7,7.51,0,None,75,74,69,74.5,72.67,73
TX_1,FOODS_3,51,9.01,0,None,85,85,76,85.0,82.0,83
TX_2,FOODS_1,28,3.57,1,None,66,65,69,65.5,66.67,65
WI_1,FOODS_1,39,4.3,1,None,80,84,74,82.0,79.33,79
TX_2,HOUSEHOLD_1,69,3.72,0,Religious,49,48,59,48.5,52.0,51
TX_1,FOODS_3,56,5.88,0,None,86,86,85,86.0,85.67,86
WI_1,FOODS_1,62,4.93,1,None,73,72,69,72.5,71.33,73
CA_2,HOUSEHOLD_1,53,11.3,0,National,46,42,53,44.0,47.0,46
TX_2,HOUSEHOLD_1,4,8.56,0,None,44,39,35,41.5,39.33,43
TX_1,FOODS_3,45,4.2,0,None,85,80,79,82.5,81.33,85
TX_1,HOBBIES_1,7,6.31,0,None,26,23,24,24.5,24.33,28
WI_1,FOODS_1,18,3.68,0,None,77,76,72,76.5,75.0,76
TX_1,FOODS_3,62,7.38,0,None,88,93,82,90.5,87.67,89
TX_1,FOODS_3,42,6.0,1,None,90,95,85,92.5,90.0,91
TX_2,FOODS_3,60,10.43,0,None,32,29,31,30.5,30.67,30
TX_1,FOODS_3,3,11.83,0,None,75,73,69,74.0,72.33,75
CA_2,FOODS_2,32,10.27,0,None,64,69,73,66.5,68.67,65
WI_1,FOODS_3,34,5.77,1,None,52,55,52,53.5,53.0,53
CA_1,HOBBIES_1,47,11.36,0,None,40,44,36,42.0,40.0,40
WI_1,HOBBIES_1,8,8.95,0,None,50,52,43,51.0,48.33,49
CA_1,HOUSEHOLD_1,51,1.59,0,None,51,48,47,49.5,48.67,49
WI_1,FOODS_2,60,7.23,0,None,36,33,41,34.5,36.67,37
CA_1,HOBBIES_1,6,5.17,0,None,32,32,42,32.0,35.33,34
CA_2,FOODS_3,13,9.77,1,None,68,65,73,66.5,68.67,67
WI_1,HOBBIES_1,28,2.54,0,None,53,51,54,52.0,52.67,52
TX_1,FOODS_2,70,11.35,0,None,62,56,56,59.0,58.0,61
CA_1,FOODS_3,55,7.84,0,None,66,72,68,69.0,68.67,67
WI_1,HOUSEHOLD_1,56,8.89,1,None,82,81,77,81.5,80.0,83
TX_2,HOUSEHOLD_1,77,11.11,0,None,52,48,56,50.0,52.0,50
CA_1,FOODS_1,59,11.81,0,None,43,36,45,39.5,41.33,41
WI_1,HOUSEHOLD_1,22,4.65,0,None,77,71,68,74.0,72.0,75
WI_1,HOBBIES_1,20,6.83,0,None,45,44,47,44.5,45.33,44
TX_2,HOUSEHOLD_1,59,9.6,1,None,51,44,52,47.5,49.0,49
CA_1,HOUSEHOLD_1,56,4.85,0,None,54,50,51,52.0,51.67,55
TX_1,HOBBIES_1,13,9.45,0,None,30,28,30,29.0,29.33,32
CA_2,HOBBIES_1,5,3.43,0,None,58,53,56,55.5,55.67,58
TX_2,HOUSEHOLD_1,6,11.35,0,National,41,44,45,42.5,43.33,43
WI_1,FOODS_1,6,4.97,1,None,73,73,69,73.0,71.67,75
TX_2,FOODS_1,16,4.43,1,None,71,77,80,74.0,76.0,72
TX_1,FOODS_1,8,9.17,0,None,17,20,26,18.5,21.0,18
TX_1,FOODS_2,55,6.84,0,None,55,50,58,52.5,54.33,54
WI_1,HOBBIES_1,27,10.95,0,None,49,49,44,49.0,47.33,47
CA_1,FOODS_2,42,10.91,1,None,72,73,72,72.5,72.33,72
TX_2,FOODS_1,47,11.59,0,Cultural,70,65,73,67.5,69.33,69
WI_1,HOBBIES_1,22,10.4,1,None,48,50,44,49.0,47.33,48
CA_2,FOODS_2,61,7.72,0,None,80,78,77,79.0,78.33,78
CA_2,FOODS_2,52,7.3,1,None,68,64,63,66.0,65.0,69
CA_1,FOODS_2,5,5.34,0,National,71,73,65,72.0,69.67,72
CA_2,HOBBIES_1,55,6.45,1,None,74,74,70,74.0,72.67,76
TX_2,FOODS_2,43,6.98,0,None,81,76,82,78.5,79.67,80
CA_1,HOUSEHOLD_1,73,11.21,1,None,49,54,59,51.5,54.0,51
WI_1,FOODS_2,11,3.49,0,None,43,45,36,44.0,41.33,41
CA_1,FOODS_2,8,2.13,0,None,64,66,60,65.0,63.33,63
WI_1,FOODS_2,1,11.14,0,None,36,38,35,37.0,36.33,35
CA_1,HOUSEHOLD_1,22,9.29,1,None,51,53,50,52.0,51.33,50
TX_1,HOBBIES_1,23,4.48,0,None,30,32,27,31.0,29.67,31
TX_1,HOUSEHOLD_1,74,10.06,1,None,18,20,21,19.0,19.67,16
CA_2,HOUSEHOLD_1,8,9.32,0,None,37,33,44,35.0,38.0,36
TX_1,FOODS_3,25,8.36,1,None,84,84,87,84.0,85.0,83
TX_2,HOBBIES_1,32,11.08,0,None,12,14,8,13.0,11.33,11
CA_2,FOODS_1,67,3.92,0,None,85,85,89,85.0,86.33,85
CA_2,FOODS_2,29,10.61,0,National,70,72,67,71.0,69.67,71
WI_1,FOODS_3,20,9.49,1,None,48,47,44,47.5,46.33,49
CA_1,HOBBIES_1,57,7.84,0,None,39,34,31,36.5,34.67,39
TX_2,FOODS_2,59,6.81,1,None,86,85,85,85.5,85.33,84
WI_1,HOUSEHOLD_1,63,2.4,0,None,82,84,84,83.0,83.33,84
TX_2,FOODS_3,6,9.75,1,Cultural,31,32,26,31.5,29.67,31
CA_2,HOUSEHOLD_1,13,11.73,0,None,40,34,46,37.0,40.0,39
TX_2,FOODS_2,1,7.72,0,Religious,68,65,65,66.5,66.0,69
WI_1,FOODS_3,71,8.19,0,None,55,54,55,54.5,54.67,55
WI_1,FOODS_2,24,7.41,0,None,42,40,37,41.0,39.67,40
TX_2,HOBBIES_1,2,10.75,0,National,10,7,15,8.5,10.67,8
TX_1,FOODS_1,41,5.4,0,None,21,23,26,22.0,23.33,19
TX_2,FOODS_3,31,7.53,0,None,25,23,22,24.0,23.33,25
TX_2,FOODS_1,62,5.03,0,None,75,71,73,73.0,73.0,74
WI_1,FOODS_1,52,3.29,1,None,78,78,86,78.0,80.67,78
CA_1,HOUSEHOLD_1,20,9.2,0,None,49,42,40,45.5,43.67,47
TX_1,FOODS_3,41,3.07,0,None,86,84,90,85.0,86.67,87
TX_2,HOBBIES_1,43,10.64,0,None,15,9,13,12.0,12.33,14
WI_1,FOODS_3,22,4.91,0,None,48,46,47,47.0,47.0,48
TX_2,FOODS_3,48,5.79,0,None,27,28,24,27.5,26.33,26
TX_1,FOODS_1,40,11.23,0,None,19,18,23,18.5,20.0,19
CA_1,FOODS_3,24,2.69,0,None,63,62,68,62.5,64.33,64
TX_1,HOBBIES_1,58,10.07,0,None,31,33,22,32.0,28.67,30
CA_2,HOBBIES_1,36,6.26,0,Cultural,67,66,70,66.5,67.67,67
CA_1,FOODS_2,10,7.34,0,None,63,70,65,66.5,66.0,65
WI_1,FOODS_3,53,8.8,0,None,51,48,47,49.5,48.67,52
WI_1,HOBBIES_1,57,10.05,1,None,55,48,59,51.5,54.0,53
CA_2,FOODS_1,73,11.19,0,None,85,82,91,83.5,86.0,87
WI_1,FOODS_3,67,9.11,1,None,46,44,41,45.0,43.67,45
CA_1,FOODS_1,55,4.36,1,None,38,35,42,36.5,38.33,37
TX_2,HOBBIES_1,62,9.83,0,None,19,17,12,18.0,16.0,19
CA_2,HOBBIES_1,28,4.02,0,Cultural,68,68,73,68.0,69.67,66
CA_1,FOODS_3,68,3.55,1,None,74,73,78,73.5,75.0,72
CA_1,FOODS_2,37,3.12,0,None,73,70,75,71.5,72.67,72
TX_1,FOODS_2,54,10.64,0,None,58,52,64,55.0,58.0,57
TX_2,FOODS_1,27,9.83,0,None,74,75,74,74.5,74.33,72
TX_1,FOODS_2,71,7.4,0,None,61,58,63,59.5,60.67,59
CA_1,FOODS_3,21,1.99,0,None,67,62,69,64.5,66.0,67
TX_1,FOODS_2,57,1.59,0,None,60,56,66,58.0,60.67,59
CA_2,FOODS_3,51,11.42,0,None,79,75,85,77.0,79.67,77
TX_2,HOUSEHOLD_1,41,1.86,0,None,45,52,44,48.5,47.0,47
CA_1,FOODS_1,19,6.85,0,None,36,39,35,37.5,36.67,38
CA_2,FOODS_1,39,2.83,0,None,80,78,75,79.0,77.67,82
TX_2,FOODS_2,58,2.21,1,None,82,78,86,80.0,82.0,82
CA_1,HOBBIES_1,55,4.3,0,None,40,39,37,39.5,38.67,40
WI_1,FOODS_1,27,8.48,0,None,79,82,86,80.5,82.33,81
CA_2,FOODS_1,44,10.54,0,National,84,83,89,83.5,85.33,84
TX_2,HOBBIES_1,70,11.73,0,None,11,8,16,9.5,11.67,11
CA_2,HOUSEHOLD_1,1,4.09,0,None,38,40,33,39.0,37.0,36
CA_2,HOBBIES_1,54,6.73,0,None,69,66,76,67.5,70.33,70
CA_1,FOODS_1,32,10.7,1,None,30,28,26,29.0,28.0,32
TX_1,FOODS_2,18,5.9,0,Cultural,55,61,58,58.0,58.0,57
TX_2,FOODS_2,27,7.67,0,None,78,79,74,78.5,77.0,76
CA_1,FOODS_3,61,7.15,1,None,66,67,66,66.5,66.33,66
CA_2,HOUSEHOLD_1,60,11.6,0,Cultural,39,44,35,41.5,39.33,41
CA_1,HOUSEHOLD_1,19,2.49,0,None,53,53,52,53.0,52.67,51
CA_2,FOODS_3,22,4.33,0,None,68,65,67,66.5,66.67,70
TX_1,HOBBIES_1,68,5.58,0,None,38,42,42,40.0,40.67,37
CA_2,HOBBIES_1,77,6.42,0,None,69,66,76,67.5,70.33,70
WI_1,HOUSEHOLD_1,25,4.71,0,None,74,79,74,76.5,75.67,76
CA_1,HOUSEHOLD_1,34,11.0,0,None,46,47,41,46.5,44.67,45
CA_2,HOBBIES_1,14,8.88,0,None,62,66,58,64.0,62.0,62
CA_1,FOODS_2,71,3.82,1,None,71,68,73,69.5,70.67,71
CA_1,HOUSEHOLD_1,53,10.23,0,None,54,47,57,50.5,52.67,52
CA_1,FOODS_2,7,8.3,0,None,70,65,78,67.5,71.0,70
CA_1,FOODS_1,49,9.39,1,None,37,35,38,36.0,36.67,38
CA_2,FOODS_2,7,5.46,0,None,64,58,62,61.0,61.33,63
CA_1,FOODS_3,2,6.98,0,None,68,62,63,65.0,64.33,66
TX_1,FOODS_2,69,9.87,0,None,62,63,64,62.5,63.0,62
TX_2,FOODS_3,45,5.46,0,None,21,22,28,21.5,23.67,23
WI_1,FOODS_1,55,4.88,0,None,85,85,84,85.0,84.67,83
TX_2,HOBBIES_1,71,3.69,1,None,22,15,21,18.5,19.33,20
TX_2,FOODS_2,39,8.31,0,None,79,73,85,76.0,79.0,77
WI_1,FOODS_1,32,9.92,0,Religious,75,80,76,77.5,77.0,75
CA_2,FOODS_2,39,10.09,0,Cultural,80,79,86,79.5,81.67,79
CA_1,FOODS_3,26,6.17,0,None,65,59,66,62.0,63.33,63
TX_1,FOODS_3,67,7.9,0,None,91,86,86,88.5,87.67,90
TX_1,FOODS_3,20,2.28,0,None,79,81,71,80.0,77.0,78
TX_2,FOODS_3,32,6.25,1,None,23,27,21,25.0,23.67,25
TX_1,FOODS_1,39,6.56,1,National,22,18,15,20.0,18.33,21
WI_1,FOODS_1,22,2.0,0,Religious,81,87,75,84.0,81.0,82
CA_2,FOODS_2,67,4.17,0,Religious,70,67,68,68.5,68.33,68
CA_1,HOUSEHOLD_1,39,10.08,0,None,49,48,53,48.5,50.0,47
TX_2,FOODS_3,25,10.79,0,None,24,22,18,23.0,21.33,24
WI_1,HOUSEHOLD_1,38,6.52,1,None,78,73,74,75.5,75.0,78
WI_1,HOBBIES_1,12,6.22,0,None,46,42,54,44.0,47.33,46
WI_1,HOUSEHOLD_1,50,11.0,0,None,80,84,80,82.0,81.33,81
WI_1,HOUSEHOLD_1,20,6.38,1,Cultural,72,76,70,74.0,72.67,74
CA_2,FOODS_3,63,2.11,0,National,76,72,74,74.0,74.0,75
TX_1,FOODS_3,71,2.88,0,None,87,86,82,86.5,85.0,87
CA_1,HOBBIES_1,13,6.39,0,None,37,42,36,39.5,38.33,38
WI_1,FOODS_1,35,5.46,1,None,77,71,69,74.0,72.33,76
TX_1,HOBBIES_1,27,4.1,0,Cultural,34,34,37,34.0,35.0,33
TX_2,HOBBIES_1,36,4.13,0,None,15,9,16,12.0,13.33,14
CA_1,HOUSEHOLD_1,5,6.61,0,None,44,47,47,45.5,46.0,46
CA_2,FOODS_1,51,7.64,0,None,86,80,82,83.0,82.67,85
WI_1,HOBBIES_1,56,10.44,0,None,51,53,52,52.0,52.0,49
TX_1,FOODS_2,13,10.4,0,None,65,62,63,63.5,63.33,63
CA_1,HOUSEHOLD_1,1,5.29,0,None,51,51,49,51.0,50.33,49
CA_2,FOODS_1,46,5.88,0,None,86,87,95,86.5,89.33,88
CA_2,HOBBIES_1,45,11.3,0,None,74,71,70,72.5,71.67,72
CA_1,HOUSEHOLD_1,63,9.28,1,None,50,47,52,48.5,49.67,52
CA_2,FOODS_3,28,4.54,0,None,70,73,63,71.5,68.67,70
WI_1,HOUSEHOLD_1,5,10.21,1,None,72,74,78,73.0,74.67,73
CA_1,FOODS_3,28,6.42,0,None,73,70,75,71.5,72.67,71
TX_1,FOODS_1,29,3.36,0,Cultural,21,23,23,22.0,22.33,21
CA_2,HOBBIES_1,6,11.89,1,None,52,53,62,52.5,55.67,54
CA_2,HOUSEHOLD_1,65,3.06,0,None,45,46,42,45.5,44.33,43
TX_1,HOUSEHOLD_1,69,6.93,0,None,16,21,16,18.5,17.67,16
TX_1,FOODS_2,28,4.76,1,None,56,54,56,55.0,55.33,56
WI_1,HOBBIES_1,42,6.2,0,None,52,47,52,49.5,50.33,52
TX_1,HOBBIES_1,33,7.61,0,None,30,30,29,30.0,29.67,31
CA_1,HOBBIES_1,66,1.94,0,None,42,40,43,41.0,41.67,43
TX_1,HOBBIES_1,43,10.09,0,None,27,31,26,29.0,28.0,28
CA_2,FOODS_1,77,2.71,1,None,87,92,91,89.5,90.0,89
TX_2,FOODS_2,18,4.87,0,None,80,77,80,78.5,79.0,79
TX_1,HOUSEHOLD_1,54,11.11,1,None,15,18,10,16.5,14.33,17
CA_1,HOUSEHOLD_1,70,6.43,0,None,50,49,51,49.5,50.0,48
WI_1,FOODS_3,38,11.53,1,None,58,63,50,60.5,57.0,58
CA_1,FOODS_2,29,11.04,0,None,71,68,77,69.5,72.0,70
CA_1,FOODS_2,50,5.91,1,None,68,61,68,64.5,65.67,66
WI_1,HOBBIES_1,23,7.02,0,None,46,45,38,45.5,43.0,44
TX_1,FOODS_1,5,11.97,0,None,17,20,15,18.5,17.33,17
CA_1,HOUSEHOLD_1,48,10.9,0,None,48,52,51,50.0,50.33,50
WI_1,FOODS_1,19,4.37,0,Cultural,74,77,79,75.5,76.67,74
CA_2,HOBBIES_1,67,8.48,0,None,72,73,78,72.5,74.33,70
TX_2,FOODS_1,21,6.52,0,None,69,64,66,66.5,66.33,69
TX_1,HOBBIES_1,40,4.94,0,None,33,31,26,32.0,30.0,34
CA_1,FOODS_3,56,5.48,0,None,70,63,67,66.5,66.67,68
TX_2,HOUSEHOLD_1,74,8.99,0,None,50,49,43,49.5,47.33,50
CA_1,FOODS_2,64,5.66,0,None,70,65,63,67.5,66.0,70
TX_2,FOODS_3,75,9.99,0,None,28,26,35,27.0,29.67,28
TX_2,FOODS_2,54,11.65,1,National,74,77,77,75.5,76.0,75
TX_1,HOBBIES_1,18,11.47,0,None,30,32,33,31.0,31.67,28
TX_2,HOUSEHOLD_1,56,3.27,0,None,46,40,44,43.0,43.33,45
TX_1,HOBBIES_1,52,7.53,1,None,30,31,38,30.5,33.0,31
TX_1,FOODS_3,19,6.19,0,None,76,80,84,78.0,80.0,78
CA_2,HOUSEHOLD_1,19,3.74,0,Cultural,41,44,36,42.5,40.33,42
WI_1,FOODS_2,64,6.73,0,None,44,45,38,44.5,42.33,42
TX_1,HOUSEHOLD_1,8,4.58,1,None,20,24,13,22.0,19.0,20
TX_2,FOODS_3,54,4.07,1,Cultural,23,17,19,20.0,19.67,21
CA_1,FOODS_1,11,8.17,1,None,38,32,43,35.0,37.67,37
WI_1,FOODS_2,30,5.43,0,None,42,39,49,40.5,43.33,41
TX_1,HOUSEHOLD_1,2,11.19,0,None,12,15,20,13.5,15.67,14
CA_1,HOBBIES_1,52,11.99,0,None,36,37,30,36.5,34.33,34
CA_1,HOBBIES_1,61,7.53,1,None,38,43,39,40.5,40.0,40
CA_2,HOUSEHOLD_1,62,5.48,1,None,46,46,37,46.0,43.0,45
CA_2,HOBBIES_1,11,11.71,0,None,65,68,64,66.5,65.67,63
TX_1,FOODS_2,43,1.62,0,None,58,51,48,54.5,52.33,56
TX_1,HOBBIES_1,50,4.45,0,None,25,26,27,25.5,26.0,26
CA_1,FOODS_2,53,6.75,0,None,67,69,69,68.0,68.33,68
WI_1,HOUSEHOLD_1,73,10.07,1,None,86,88,78,87.0,84.0,85
CA_1,HOUSEHOLD_1,16,7.29,0,None,48,47,41,47.5,45.33,47
TX_2,FOODS_2,53,11.9,0,None,80,83,76,81.5,79.67,81
WI_1,HOBBIES_1,7,10.48,1,Cultural,51,53,44,52.0,49.33,49
WI_1,FOODS_1,77,3.61,0,None,84,86,88,85.0,86.0,82
WI_1,HOBBIES_1,63,6.3,0,None,50,54,46,52.0,50.0,49
TX_1,FOODS_1,76,2.11,0,Religious,20,24,19,22.0,21.0,19
TX_1,FOODS_2,46,8.76,0,None,61,58,59,59.5,59.33,62
CA_2,HOUSEHOLD_1,3,9.82,0,None,43,45,46,44.0,44.67,43
CA_1,FOODS_3,62,11.74,0,None,71,71,67,71.0,69.67,71
TX_1,FOODS_3,59,9.79,0,None,90,91,81,90.5,87.33,88
CA_1,FOODS_3,5,9.97,0,None,69,66,75,67.5,70.0,67
TX_1,FOODS_2,60,9.11,0,None,57,56,53,56.5,55.33,57
CA_2,HOBBIES_1,19,1.79,1,None,64,63,59,63.5,62.0,65
CA_2,FOODS_2,55,10.75,1,None,76,75,68,75.5,73.0,75
TX_2,FOODS_3,66,9.49,0,None,24,21,23,22.5,22.67,26
CA_2,FOODS_3,59,4.21,0,None,73,74,75,73.5,74.0,73
CA_1,FOODS_3,42,3.66,0,None,71,65,64,68.0,66.67,69
WI_1,HOUSEHOLD_1,39,2.43,0,None,84,85,75,84.5,81.33,83
WI_1,FOODS_2,68,5.09,1,Religious,42,42,40,42.0,41.33,44
CA_2,FOODS_1,26,2.29,0,None,87,80,90,83.5,85.67,85
CA_1,FOODS_2,20,2.39,0,None,68,64,65,66.0,65.67,69
TX_2,FOODS_3,16,11.75,0,None,17,23,17,20.0,19.0,18
WI_1,FOODS_3,61,2.69,1,None,57,62,64,59.5,61.0,57
CA_1,FOODS_3,3,2.41,1,None,62,61,65,61.5,62.67,64
CA_2,FOODS_1,35,5.43,0,None,76,72,80,74.0,76.0,74
TX_1,FOODS_3,76,10.54,0,None,87,85,85,86.0,85.67,88
CA_2,FOODS_2,16,7.31,1,None,69,66,63,67.5,66.0,67
WI_1,HOBBIES_1,31,4.15,1,None,47,44,41,45.5,44.0,49
CA_2,HOBBIES_1,53,9.09,0,None,64,59,66,61.5,63.0,62
TX_1,FOODS_3,55,4.94,0,None,92,89,85,90.5,88.67,90
TX_1,HOBBIES_1,9,2.35,0,None,28,24,32,26.0,28.0,28
TX_2,FOODS_2,41,10.14,0,None,91,85,87,88.0,87.67,89
CA_2,FOODS_1,63,2.19,1,None,91,85,96,88.0,90.67,90
WI_1,FOODS_3,8,3.46,1,None,43,45,47,44.0,45.0,45
CA_1,FOODS_3,25,5.28,0,None,72,68,65,70.0,68.33,70
CA_2,FOODS_1,6,11.89,1,None,75,77,82,76.0,78.0,76
CA_2,FOODS_3,40,6.89,0,None,72,73,76,72.5,73.67,73
TX_2,FOODS_2,50,8.4,0,None,82,83,88,82.5,84.33,83
WI_1,FOODS_2,29,6.16,0,None,39,33,45,36.0,39.0,37
WI_1,HOBBIES_1,76,2.13,1,None,59,58,58,58.5,58.33,57
WI_1,HOBBIES_1,70,11.48,0,None,50,53,48,51.5,50.33,49
TX_2,FOODS_3,77,9.99,0,None,26,23,21,24.5,23.33,25
TX_1,HOBBIES_1,1,5.08,0,None,29,24,28,26.5,27.0,27
WI_1,FOODS_3,4,4.47,1,None,57,58,62,57.5,59.0,56
TX_1,FOODS_3,70,4.53,0,None,85,81,90,83.0,85.33,86
CA_2,HOBBIES_1,49,8.54,1,Cultural,66,67,76,66.5,69.67,68
CA_1,FOODS_2,66,4.82,1,National,76,77,76,76.5,76.33,77
WI_1,FOODS_2,39,2.99,0,None,41,44,49,42.5,44.67,42
TX_2,FOODS_3,67,2.24,1,Religious,25,23,18,24.0,22.0,23
CA_2,FOODS_1,37,7.05,0,Religious,83,86,77,84.5,82.0,83
CA_2,HOBBIES_1,21,10.6,0,None,67,60,69,63.5,65.33,65
TX_2,FOODS_3,44,2.59,0,None,33,36,32,34.5,33.67,31
TX_1,FOODS_1,30,10.67,0,None,24,27,24,25.5,25.0,23
TX_1,HOBBIES_1,26,6.21,1,None,31,35,28,33.0,31.33,30
CA_2,FOODS_3,77,2.54,0,None,74,71,83,72.5,76.0,75
CA_1,HOBBIES_1,64,7.4,0,None,39,40,39,39.5,39.33,37
TX_1,FOODS_2,9,11.17,0,None,55,59,61,57.0,58.33,54
WI_1,HOBBIES_1,60,2.7,1,None,53,60,61,56.5,58.0,55
CA_1,FOODS_2,12,10.51,1,None,61,62,55,61.5,59.33,61
CA_1,FOODS_1,42,3.38,0,None,37,37,34,37.0,36.0,38
WI_1,FOODS_3,42,2.81,0,None,53,49,51,51.0,51.0,54
WI_1,HOUSEHOLD_1,12,2.57,1,None,78,77,84,77.5,79.67,76
CA_1,FOODS_2,55,8.08,1,Cultural,76,77,76,76.5,76.33,76
WI_1,FOODS_1,44,5.27,0,None,80,83,74,81.5,79.0,78
TX_1,FOODS_2,61,7.55,1,None,58,54,60,56.0,57.33,58
TX_1,HOBBIES_1,29,8.28,0,None,29,26,33,27.5,29.33,31
WI_1,HOBBIES_1,15,2.53,1,None,41,38,48,39.5,42.33,40
TX_2,HOBBIES_1,59,6.59,0,None,14,10,7,12.0,10.33,15
CA_1,FOODS_3,11,4.06,1,None,63,64,67,63.5,64.67,64
CA_2,HOUSEHOLD_1,32,6.92,1,None,42,43,45,42.5,43.33,43
CA_1,HOBBIES_1,60,6.66,0,None,39,33,42,36.0,38.0,37
TX_2,FOODS_2,30,5.16,0,None,78,76,79,77.0,77.67,80
TX_2,HOUSEHOLD_1,18,5.25,0,None,42,38,38,40.0,39.33,43
WI_1,HOBBIES_1,54,3.85,0,None,50,51,41,50.5,47.33,48
TX_1,FOODS_3,53,2.57,0,None,83,87,91,85.0,87.0,84
TX_1,FOODS_1,9,3.74,0,None,14,12,24,13.0,16.67,16
TX_1,FOODS_1,70,8.68,1,None,17,13,12,15.0,14.0,15
CA_1,HOUSEHOLD_1,41,7.47,1,None,53,58,62,55.5,57.67,55
WI_1,HOUSEHOLD_1,23,9.08,1,None,76,81,85,78.5,80.67,78
CA_2,FOODS_3,33,8.9,0,None,68,67,60,67.5,65.0,68
TX_2,FOODS_1,72,3.53,0,None,75,75,77,75.0,75.67,76
WI_1,HOBBIES_1,45,6.43,0,None,48,44,40,46.0,44.0,48
TX_2,HOBBIES_1,29,10.88,1,None,14,18,10,16.0,14.0,15
WI_1,FOODS_2,12,3.78,0,None,32,33,32,32.5,32.33,33
TX_2,FOODS_2,32,4.75,1,None,81,78,75,79.5,78.0,81
TX_1,FOODS_3,18,10.69,0,None,83,79,90,81.0,84.0,84
CA_2,FOODS_1,74,6.91,0,None,90,87,92,88.5,89.67,92
CA_1,HOUSEHOLD_1,68,11.84,1,None,51,52,47,51.5,50.0,49
CA_1,HOUSEHOLD_1,26,3.93,0,None,47,48,54,47.5,49.67,49
TX_1,HOUSEHOLD_1,37,5.92,0,Cultural,13,10,16,11.5,13.0,14
WI_1,FOODS_3,1,11.8,0,None,52,47,44,49.5,47.67,50
TX_2,HOBBIES_1,18,11.67,1,None,13,9,9,11.0,10.33,14
TX_1,FOODS_1,47,11.99,0,None,19,16,27,17.5,20.67,20
TX_2,HOBBIES_1,6,10.99,1,None,7,8,16,7.5,10.33,8
TX_1,FOODS_2,75,5.85,0,None,62,61,53,61.5,58.67,60
WI_1,HOBBIES_1,17,6.41,1,Cultural,43,47,41,45.0,43.67,45
TX_1,FOODS_2,47,5.96,0,None,63,60,63,61.5,62.0,61
WI_1,HOUSEHOLD_1,8,7.95,0,None,69,68,65,68.5,67.33,71
TX_2,FOODS_1,76,8.07,0,None,75,76,67,75.5,72.67,73
CA_1,HOUSEHOLD_1,21,1.69,0,None,45,47,55,46.0,49.0,47
TX_2,FOODS_1,46,10.47,1,None,76,73,71,74.5,73.33,75
CA_1,HOUSEHOLD_1,11,4.1,0,None,46,45,50,45.5,47.0,47
TX_2,HOUSEHOLD_1,13,4.23,0,Cultural,51,46,48,48.5,48.33,51
TX_2,FOODS_2,73,5.8,0,None,83,84,88,83.5,85.0,84
WI_1,FOODS_2,53,11.99,0,None,36,39,45,37.5,40.0,38
CA_1,FOODS_3,14,3.03,0,None,70,73,68,71.5,70.33,71
CA_1,FOODS_1,13,4.25,0,None,33,40,36,36.5,36.33,35
CA_1,FOODS_3,18,5.0,1,None,63,68,61,65.5,64.0,64
CA_2,HOBBIES_1,34,11.87,0,None,62,68,65,65.0,65.0,64
CA_1,HOBBIES_1,30,1.83,0,None,42,43,41,42.5,42.0,41
TX_2,FOODS_2,49,4.68,1,Religious,79,85,77,82.0,80.33,80
TX_2,FOODS_3,47,8.24,0,None,26,23,33,24.5,27.33,26
CA_2,HOBBIES_1,57,9.73,1,None,68,69,62,68.5,66.33,68
CA_1,HOBBIES_1,28,3.02,0,None,39,34,30,36.5,34.33,38
TX_1,FOODS_1,75,11.85,0,None,19,20,24,19.5,21.0,20
TX_1,FOODS_2,21,5.04,0,None,57,57,55,57.0,56.33,56
TX_2,HOBBIES_1,75,8.18,1,None,14,10,22,12.0,15.33,15
CA_1,FOODS_2,62,8.22,1,None,72,68,66,70.0,68.67,73
WI_1,FOODS_3,76,2.5,0,None,55,54,58,54.5,55.67,53
CA_2,FOODS_3,11,8.2,0,Religious,67,70,66,68.5,67.67,68
TX_1,FOODS_3,43,1.52,1,None,89,91,83,90.0,87.67,88
TX_2,HOUSEHOLD_1,10,4.9,0,None,43,45,34,44.0,40.67,41
WI_1,FOODS_2,49,9.81,0,Cultural,46,44,41,45.0,43.67,45
TX_1,HOUSEHOLD_1,55,4.61,0,Religious,24,22,16,23.0,20.67,22
CA_2,FOODS_3,20,4.69,0,Religious,67,67,69,67.0,67.67,67
CA_1,FOODS_2,63,3.5,0,None,70,75,73,72.5,72.67,70
WI_1,FOODS_2,55,7.06,0,None,36,34,44,35.0,38.0,38
CA_2,FOODS_2,70,11.14,0,None,74,80,80,77.0,78.0,75
CA_1,FOODS_3,71,7.33,1,National,69,73,73,71.0,71.67,69
CA_2,HOUSEHOLD_1,31,9.37,0,None,37,39,45,38.0,40.33,37
TX_1,FOODS_1,17,11.11,1,None,21,21,27,21.0,23.0,21
WI_1,FOODS_2,40,2.08,0,None,38,40,36,39.0,38.0,36
TX_1,FOODS_2,77,8.5,0,None,63,62,59,62.5,61.33,62
CA_2,FOODS_1,25,8.52,0,None,76,75,75,75.5,75.33,78
CA_1,HOUSEHOLD_1,18,1.73,0,None,45,46,42,45.5,44.33,47
TX_1,HOBBIES_1,55,11.21,0,None,33,34,36,33.5,34.33,33
CA_1,HOBBIES_1,69,1.8,0,None,34,37,38,35.5,36.33,35
TX_2,FOODS_1,57,9.51,0,None,79,78,75,78.5,77.33,78
WI_1,HOUSEHOLD_1,52,10.47,0,Religious,82,82,89,82.0,84.33,82
CA_1,FOODS_1,26,2.04,0,None,44,39,35,41.5,39.33,43
WI_1,HOBBIES_1,19,9.25,1,Cultural,47,44,53,45.5,48.0,48
CA_2,HOUSEHOLD_1,22,8.38,1,Religious,42,44,36,43.0,40.67,43
TX_1,FOODS_3,2,5.76,0,None,73,72,71,72.5,72.0,73
CA_1,FOODS_3,40,7.93,1,Religious,65,63,69,64.0,65.67,67
CA_2,FOODS_1,56,8.83,0,None,91,92,92,91.5,91.67,91
CA_2,FOODS_3,35,6.6,0,National,63,66,70,64.5,66.33,64
CA_2,FOODS_2,42,11.44,0,National,76,71,67,73.5,71.33,74
CA_2,FOODS_3,67,4.07,0,None,76,70,81,73.0,75.67,74
TX_2,HOUSEHOLD_1,28,3.17,0,None,49,55,56,52.0,53.33,51
TX_1,HOUSEHOLD_1,41,6.41,0,None,23,23,17,23.0,21.0,23
WI_1,FOODS_3,27,3.22,1,None,53,49,59,51.0,53.67,51
TX_1,FOODS_1,77,2.86,0,None,21,24,13,22.5,19.33,21
CA_1,FOODS_1,4,9.23,0,None,38,36,42,37.0,38.67,37
WI_1,FOODS_2,57,7.23,0,None,39,44,43,41.5,42.0,41
TX_2,FOODS_1,22,10.18,0,None,71,64,66,67.5,67.0,69
CA_2,FOODS_2,6,5.95,0,None,70,70,76,70.0,72.0,70
CA_1,HOUSEHOLD_1,14,4.33,0,None,43,47,44,45.0,44.67,44
CA_1,FOODS_1,6,3.0,1,None,38,39,34,38.5,37.0,36
CA_1,FOODS_3,69,9.31,1,None,69,71,66,70.0,68.67,67
TX_2,FOODS_3,12,3.28,1,None,23,28,29,25.5,26.67,24
CA_2,FOODS_3,9,7.8,0,None,70,70,74,70.0,71.33,69
CA_1,FOODS_3,75,4.98,0,None,77,77,70,77.0,74.67,75
CA_1,FOODS_1,40,2.28,1,None,43,45,38,44.0,42.0,42
CA_2,FOODS_3,4,2.22,0,None,68,70,75,69.0,71.0,68
CA_1,HOBBIES_1,12,8.5,0,None,32,32,40,32.0,34.67,34
TX_1,FOODS_2,52,5.21,1,None,62,60,61,61.0,61.0,61
TX_2,FOODS_1,5,2.45,0,None,69,72,66,70.5,69.0,70
CA_1,FOODS_2,60,3.37,0,None,69,74,66,71.5,69.67,71
TX_2,FOODS_1,36,10.45,0,None,77,81,79,79.0,79.0,77
WI_1,FOODS_2,74,3.11,1,None,47,48,47,47.5,47.33,46
TX_2,HOUSEHOLD_1,54,10.32,0,None,53,52,53,52.5,52.67,51
TX_1,FOODS_3,26,2.41,0,National,82,79,87,80.5,82.67,81
TX_1,FOODS_1,60,7.11,0,None,21,24,24,22.5,23.0,19
CA_2,FOODS_1,61,5.78,0,National,85,89,85,87.0,86.33,87
TX_1,FOODS_1,73,10.06,1,None,24,27,23,25.5,24.67,23
WI_1,FOODS_1,15,4.14,0,None,74,81,75,77.5,76.67,76
TX_2,FOODS_3,56,3.96,0,None,28,32,29,30.0,29.67,29
TX_2,HOUSEHOLD_1,63,8.39,1,None,45,44,38,44.5,42.33,45
WI_1,FOODS_3,64,3.48,0,None,50,52,47,51.0,49.67,49
CA_2,FOODS_3,43,9.18,0,None,65,66,68,65.5,66.33,65
WI_1,HOBBIES_1,18,4.07,1,None,51,58,51,54.5,53.33,53
WI_1,HOUSEHOLD_1,47,11.93,0,None,80,76,76,78.0,77.33,81
CA_2,HOBBIES_1,46,7.19,1,None,63,61,59,62.0,61.0,64
CA_2,FOODS_1,52,6.76,0,None,84,80,88,82.0,84.0,82
WI_1,HOBBIES_1,16,4.65,0,None,41,44,48,42.5,44.33,43
CA_1,HOUSEHOLD_1,69,8.0,1,None,51,48,46,49.5,48.33,51
TX_2,HOBBIES_1,37,3.83,1,Religious,10,12,14,11.0,12.0,10
TX_2,FOODS_1,10,4.94,0,None,65,68,71,66.5,68.0,67
CA_1,HOUSEHOLD_1,7,5.64,1,None,47,44,51,45.5,47.33,45
WI_1,FOODS_2,58,6.77,1,None,39,40,37,39.5,38.67,40
CA_2,FOODS_1,58,9.97,1,None,91,86,88,88.5,88.33,89
TX_1,HOUSEHOLD_1,23,5.24,0,None,22,23,22,22.5,22.33,21
CA_1,HOUSEHOLD_1,12,10.69,0,None,52,54,48,53.0,51.33,50
CA_1,HOBBIES_1,51,11.6,0,None,42,47,44,44.5,44.33,43
CA_2,HOBBIES_1,76,2.16,1,None,71,67,64,69.0,67.33,70
TX_1,HOUSEHOLD_1,67,4.92,0,None,22,17,20,19.5,19.67,20
TX_2,HOBBIES_1,64,11.78,0,National,14,11,10,12.5,11.67,13
CA_2,FOODS_1,40,3.95,0,Cultural,86,91,83,88.5,86.67,88
CA_2,FOODS_3,15,10.94,1,None,66,65,69,65.5,66.67,65
CA_2,FOODS_3,56,3.94,0,None,78,80,71,79.0,76.33,78
WI_1,HOUSEHOLD_1,41,7.7,1,None,80,80,74,80.0,78.0,79
CA_1,HOUSEHOLD_1,61,4.3,0,None,49,49,55,49.0,51.0,51
TX_2,HOBBIES_1,48,11.82,0,None,21,21,26,21.0,22.67,19
WI_1,HOUSEHOLD_1,44,9.41,0,None,74,77,68,75.5,73.0,76
TX_2,FOODS_3,26,2.64,1,None,21,21,18,21.0,20.0,23
TX_1,HOUSEHOLD_1,48,7.76,0,None,27,21,19,24.0,22.33,25
WI_1,FOODS_1,17,6.75,0,None,72,79,76,75.5,75.67,74
TX_1,HOUSEHOLD_1,3,11.55,0,None,15,11,13,13.0,13.0,16
CA_1,FOODS_3,74,10.39,0,None,73,72,72,72.5,72.33,71
TX_1,HOBBIES_1,73,8.11,1,None,30,29,38,29.5,32.33,32
WI_1,FOODS_1,25,8.27,0,None,72,75,69,73.5,72.0,73
TX_2,HOUSEHOLD_1,5,2.99,1,Cultural,43,39,41,41.0,41.0,41
TX_1,HOBBIES_1,54,4.34,0,None,32,36,28,34.0,32.0,33
CA_1,FOODS_1,67,10.63,0,Religious,36,33,37,34.5,35.33,36
CA_2,FOODS_1,9,10.47,0,None,85,88,79,86.5,84.0,83
CA_2,FOODS_3,41,1.83,0,None,65,65,62,65.0,64.0,67
CA_1,FOODS_1,25,9.39,1,None,38,42,35,40.0,38.33,39
CA_1,FOODS_3,58,7.33,0,None,73,75,73,74.0,73.67,72
TX_2,HOUSEHOLD_1,19,4.09,1,None,47,48,44,47.5,46.33,45
CA_1,FOODS_2,68,9.23,0,None,76,77,78,76.5,77.0,74
CA_2,FOODS_2,75,7.18,0,None,75,77,72,76.0,74.67,74
TX_1,FOODS_1,42,10.77,1,Religious,13,9,11,11.0,11.0,14
TX_1,HOBBIES_1,75,11.31,1,None,36,37,32,36.5,35.0,34
TX_2,FOODS_2,24,4.76,0,None,77,82,78,79.5,79.0,77
CA_1,FOODS_2,9,8.04,1,None,66,65,60,65.5,63.67,66
WI_1,FOODS_3,43,3.7,0,None,55,57,47,56.0,53.0,55
CA_1,HOBBIES_1,42,3.79,0,None,34,36,36,35.0,35.33,36
TX_1,FOODS_3,29,8.89,1,None,81,78,88,79.5,82.33,83
TX_2,FOODS_2,4,11.17,0,None,68,74,62,71.0,68.0,70
TX_1,HOUSEHOLD_1,60,5.59,1,None,22,21,16,21.5,19.67,23
TX_1,HOBBIES_1,30,2.5,1,None,30,25,27,27.5,27.33,30
WI_1,FOODS_3,45,3.35,0,None,53,47,49,50.0,49.67,52
CA_2,HOBBIES_1,15,6.49,0,None,58,58,64,58.0,60.0,56
TX_1,FOODS_3,61,5.61,0,Cultural,89,90,98,89.5,92.33,90
TX_2,FOODS_3,11,7.43,0,None,20,20,24,20.0,21.33,21
WI_1,HOBBIES_1,30,6.01,0,None,44,40,51,42.0,45.0,45
TX_2,FOODS_1,71,5.85,0,Religious,71,68,74,69.5,71.0,72
TX_2,FOODS_3,10,3.94,1,None,24,28,26,26.0,26.0,24
TX_2,HOBBIES_1,14,5.41,0,None,17,17,24,17.0,19.33,16
CA_2,FOODS_2,44,3.93,0,None,73,71,76,72.0,73.33,74
CA_1,HOBBIES_1,43,6.06,0,None,41,44,45,42.5,43.33,42
TX_1,HOBBIES_1,4,2.54,1,None,32,36,38,34.0,35.33,31
CA_2,FOODS_2,46,6.33,0,Religious,74,74,75,74.0,74.33,72
WI_1,FOODS_3,49,11.92,0,None,50,50,51,50.0,50.33,50
CA_1,HOUSEHOLD_1,55,8.04,1,None,54,60,50,57.0,54.67,56
WI_1,FOODS_1,14,2.16,0,None,75,77,75,76.0,75.67,75
TX_1,HOUSEHOLD_1,30,12.0,1,None,19,21,18,20.0,19.33,21
CA_2,HOBBIES_1,7,2.67,0,Religious,61,59,56,60.0,58.67,59
CA_1,FOODS_1,3,11.47,1,Religious,38,44,33,41.0,38.33,40
CA_1,FOODS_1,7,3.08,1,None,41,40,31,40.5,37.33,39
WI_1,FOODS_2,10,4.17,0,None,41,41,39,41.0,40.33,42
TX_2,FOODS_2,70,10.53,0,None,86,85,89,85.5,86.67,87
TX_2,FOODS_2,31,7.7,0,None,88,82,94,85.0,88.0,86
CA_2,HOBBIES_1,50,8.92,1,None,75,77,82,76.0,78.0,74
CA_1,HOUSEHOLD_1,57,8.04,0,None,56,52,49,54.0,52.33,56
CA_1,FOODS_2,1,5.47,0,None,65,62,67,63.5,64.67,67
CA_1,FOODS_1,28,5.71,0,None,33,38,28,35.5,33.0,35
WI_1,FOODS_3,6,3.79,1,None,52,47,48,49.5,49.0,51
CA_2,FOODS_2,64,2.4,1,None,70,71,67,70.5,69.33,71
WI_1,FOODS_3,73,4.79,0,None,48,53,51,50.5,50.67,50
CA_1,FOODS_1,56,4.01,0,None,41,47,40,44.0,42.67,43
CA_2,HOBBIES_1,23,3.23,0,None,60,59,55,59.5,58.0,60
CA_1,HOBBIES_1,72,5.2,0,National,39,43,41,41.0,41.0,41
CA_2,HOUSEHOLD_1,26,3.68,0,National,45,48,44,46.5,45.67,45
CA_2,HOBBIES_1,9,5.84,0,None,66,60,67,63.0,64.33,65
CA_1,FOODS_1,8,11.11,0,None,34,38,34,36.0,35.33,36
TX_1,FOODS_1,34,10.27,0,None,21,17,20,19.0,19.33,19
CA_1,HOUSEHOLD_1,29,11.08,1,None,51,47,53,49.0,50.33,52
CA_1,FOODS_1,48,4.56,0,None,42,40,45,41.0,42.33,41
TX_2,HOBBIES_1,40,10.95,0,None,16,15,19,15.5,16.67,15
CA_1,FOODS_2,30,4.1,0,None,65,71,63,68.0,66.33,66
CA_1,HOUSEHOLD_1,42,10.95,1,None,52,48,45,50.0,48.33,50
CA_1,HOBBIES_1,8,3.7,0,None,36,37,29,36.5,34.0,35
CA_1,FOODS_3,60,9.06,0,None,70,71,61,70.5,67.33,68
TX_2,FOODS_1,50,8.18,0,Religious,72,77,76,74.5,75.0,72
TX_2,FOODS_2,11,8.86,0,Cultural,77,74,73,75.5,74.67,78
TX_1,FOODS_1,24,9.67,1,None,14,17,20,15.5,17.0,14
TX_1,HOUSEHOLD_1,1,5.37,0,None,12,9,16,10.5,12.33,13
WI_1,FOODS_1,73,7.39,1,None,82,82,78,82.0,80.67,81
CA_2,FOODS_2,62,7.26,0,Cultural,71,68,77,69.5,72.0,70
CA_1,HOBBIES_1,2,2.1,1,None,36,37,36,36.5,36.33,35
CA_2,HOBBIES_1,29,6.5,0,None,65,66,62,65.5,64.33,67
TX_2,HOBBIES_1,68,2.85,0,None,14,12,9,13.0,11.67,13
CA_2,FOODS_2,72,8.57,0,None,78,77,76,77.5,77.0,77
TX_2,HOBBIES_1,69,1.65,0,Cultural,13,18,10,15.5,13.67,13
CA_2,FOODS_3,65,6.59,1,None,73,68,77,70.5,72.67,72
TX_2,FOODS_1,9,4.65,0,None,65,69,75,67.0,69.67,67
TX_2,FOODS_2,20,1.61,0,None,81,78,71,79.5,76.67,79
CA_1,FOODS_1,61,3.21,0,None,45,47,43,46.0,45.0,43
TX_2,HOBBIES_1,20,3.35,0,None,16,17,18,16.5,17.0,15
CA_1,FOODS_2,16,8.86,1,None,64,65,61,64.5,63.33,66
CA_2,HOBBIES_1,51,8.79,0,None,68,72,61,70.0,67.0,68
CA_1,HOBBIES_1,50,5.78,0,Cultural,41,36,35,38.5,37.33,40
TX_2,HOUSEHOLD_1,64,6.0,0,None,44,48,38,46.0,43.33,46
CA_1,HOUSEHOLD_1,52,1.99,1,None,55,51,49,53.0,51.67,54
TX_1,HOUSEHOLD_1,7,7.74,1,None,23,20,15,21.5,19.33,22
TX_1,HOUSEHOLD_1,47,3.41,0,None,24,27,26,25.5,25.67,22
TX_1,FOODS_2,1,2.29,0,None,49,53,45,51.0,49.0,50
TX_2,FOODS_3,15,2.61,1,None,20,26,25,23.0,23.67,22
CA_1,FOODS_2,34,4.45,0,None,70,70,67,70.0,69.0,70
CA_1,FOODS_1,43,10.85,0,None,40,34,34,37.0,36.0,38
CA_1,FOODS_2,49,9.33,0,Cultural,78,73,83,75.5,78.0,76
CA_1,FOODS_3,51,6.42,0,Cultural,71,76,68,73.5,71.67,72
CA_1,FOODS_1,53,4.95,0,None,36,36,44,36.0,38.67,37
CA_2,FOODS_3,7,10.18,1,None,63,61,68,62.0,64.0,63
CA_1,FOODS_1,69,8.58,0,None,41,39,39,40.0,39.67,42
TX_1,HOUSEHOLD_1,14,8.06,0,None,11,18,9,14.5,12.67,13
TX_2,HOUSEHOLD_1,29,9.27,1,None,44,38,42,41.0,41.33,42
CA_1,FOODS_3,30,3.74,1,None,69,75,65,72.0,69.67,70
CA_1,FOODS_2,61,10.42,0,None,76,77,83,76.5,78.67,75
TX_1,FOODS_2,53,3.29,1,None,64,69,72,66.5,68.33,66
TX_1,FOODS_1,27,9.13,0,None,20,21,21,20.5,20.67,18
CA_1,FOODS_2,56,10.22,0,None,72,74,75,73.0,73.67,73
CA_1,FOODS_2,4,11.74,0,None,64,60,56,62.0,60.0,63
WI_1,FOODS_3,68,10.26,0,None,50,47,55,48.5,50.67,49
CA_2,FOODS_3,3,3.5,0,None,64,65,62,64.5,63.67,62
TX_2,HOUSEHOLD_1,75,7.37,1,National,52,52,56,52.0,53.33,51
TX_1,FOODS_3,60,4.69,1,None,83,83,84,83.0,83.33,83
CA_1,FOODS_3,12,6.11,0,None,70,67,68,68.5,68.33,72
CA_1,HOBBIES_1,18,3.49,1,None,38,40,42,39.0,40.0,37
CA_2,FOODS_1,62,5.59,1,None,86,89,90,87.5,88.33,84
TX_1,HOUSEHOLD_1,26,4.29,0,None,17,11,15,14.0,14.33,16
TX_1,FOODS_2,12,8.46,0,None,55,53,62,54.0,56.67,54
TX_2,FOODS_1,11,5.66,1,None,60,62,65,61.0,62.33,62
CA_1,FOODS_2,21,6.06,1,None,72,73,77,72.5,74.0,70
WI_1,HOUSEHOLD_1,51,4.11,1,None,81,85,79,83.0,81.67,82
CA_2,HOUSEHOLD_1,45,4.99,0,None,44,46,34,45.0,41.33,42
TX_2,FOODS_2,8,11.37,1,None,80,76,87,78.0,81.0,80
CA_1,FOODS_2,26,11.81,1,None,64,59,56,61.5,59.67,62
CA_2,FOODS_1,50,11.73,0,None,88,83,81,85.5,84.0,87
CA_1,FOODS_1,75,11.12,1,None,42,41,38,41.5,40.33,40
WI_1,HOBBIES_1,46,8.59,0,None,53,50,53,51.5,52.0,53
TX_2,HOBBIES_1,8,5.12,0,Religious,8,6,8,7.0,7.33,8
TX_1,FOODS_2,72,7.64,1,None,65,64,67,64.5,65.33,66
WI_1,FOODS_2,34,11.7,1,Religious,35,36,42,35.5,37.67,37
WI_1,FOODS_1,72,6.35,0,None,79,84,83,81.5,82.0,81
WI_1,FOODS_1,23,8.29,1,None,70,75,78,72.5,74.33,71
CA_2,HOUSEHOLD_1,70,3.1,0,None,47,42,46,44.5,45.0,46
TX_1,FOODS_3,66,7.4,1,Religious,92,88,88,90.0,89.33,91
CA_2,FOODS_1,4,4.99,1,None,74,73,73,73.5,73.33,75
CA_1,HOBBIES_1,5,5.43,1,None,38,37,31,37.5,35.33,38
TX_2,HOBBIES_1,67,6.79,0,None,12,16,7,14.0,11.67,12
CA_1,HOBBIES_1,37,8.69,1,National,33,28,37,30.5,32.67,33
WI_1,HOBBIES_1,69,7.42,0,None,47,51,51,49.0,49.67,47
CA_1,FOODS_2,41,8.2,0,None,68,75,78,71.5,73.67,70
WI_1,FOODS_1,9,10.19,1,None,78,75,82,76.5,78.33,76
CA_2,HOBBIES_1,58,3.4,1,Cultural,70,66,72,68.0,69.33,68
CA_1,HOBBIES_1,19,4.08,1,None,37,34,34,35.5,35.0,36
WI_1,FOODS_1,16,11.05,0,None,66,67,69,66.5,67.33,67
WI_1,HOUSEHOLD_1,72,9.77,1,None,83,83,80,83.0,82.0,85
CA_1,FOODS_2,18,7.58,0,None,59,64,63,61.5,62.0,61
CA_1,FOODS_1,34,10.67,1,None,38,42,36,40.0,38.67,38
TX_2,HOUSEHOLD_1,30,9.31,1,None,45,46,46,45.5,45.67,46
WI_1,FOODS_1,69,11.7,1,None,77,81,83,79.0,80.33,78
CA_2,FOODS_1,64,11.52,0,None,91,86,87,88.5,88.0,89
CA_2,HOUSEHOLD_1,24,3.78,1,None,43,38,36,40.5,39.0,42
TX_2,FOODS_3,70,8.6,0,None,28,26,28,27.0,27.33,27
TX_2,HOUSEHOLD_1,1,7.32,0,None,45,49,43,47.0,45.67,47
CA_1,FOODS_1,1,3.66,0,None,27,25,33,26.0,28.33,29
WI_1,FOODS_1,76,10.77,0,None,76,76,71,76.0,74.33,78
TX_1,HOUSEHOLD_1,24,3.79,1,National,16,19,24,17.5,19.67,18
TX_1,HOUSEHOLD_1,31,5.5,1,None,20,22,26,21.0,22.67,18
CA_1,FOODS_2,6,7.88,0,None,64,70,66,67.0,66.67,65
TX_2,FOODS_2,5,7.34,0,None,77,70,67,73.5,71.33,75
CA_2,HOBBIES_1,61,4.68,1,None,71,67,75,69.0,71.0,71
WI_1,FOODS_2,73,10.05,0,None,40,37,36,38.5,37.67,42
TX_1,HOBBIES_1,46,7.4,0,None,29,29,27,29.0,28.33,28
TX_1,FOODS_1,1,11.17,0,None,19,13,22,16.0,18.0,18
TX_2,FOODS_1,15,11.21,0,None,62,61,59,61.5,60.67,62
TX_2,FOODS_1,75,10.1,0,None,72,67,73,69.5,70.67,70
TX_2,HOUSEHOLD_1,62,8.31,0,None,51,46,46,48.5,47.67,50
WI_1,FOODS_3,3,10.67,0,None,51,48,55,49.5,51.33,52
CA_2,FOODS_1,20,10.34,0,None,80,75,87,77.5,80.67,79
WI_1,FOODS_2,48,9.53,0,None,42,48,36,45.0,42.0,44
TX_2,FOODS_2,14,7.48,0,None,69,64,71,66.5,68.0,68
TX_2,FOODS_2,55,3.56,0,None,79,75,84,77.0,79.33,80
CA_1,FOODS_2,28,9.2,1,None,65,70,69,67.5,68.0,67
CA_2,HOBBIES_1,73,10.19,0,None,68,63,60,65.5,63.67,66
TX_2,FOODS_2,21,10.98,0,None,75,73,71,74.0,73.0,77
TX_1,FOODS_1,57,7.9,1,None,24,24,16,24.0,21.33,23
CA_1,FOODS_1,63,6.29,0,None,43,46,39,44.5,42.67,45
TX_1,FOODS_2,6,3.9,0,None,49,52,54,50.5,51.67,50
TX_2,FOODS_2,68,11.5,0,None,87,88,90,87.5,88.33,88
CA_1,FOODS_3,70,5.09,0,None,75,78,78,76.5,77.0,74
CA_1,FOODS_2,69,9.96,0,None,69,69,65,69.0,67.67,67
TX_1,HOUSEHOLD_1,11,8.39,0,None,27,25,21,26.0,24.33,29
CA_1,HOUSEHOLD_1,66,9.68,0,None,53,53,45,53.0,50.33,51
TX_2,FOODS_3,58,10.17,0,None,27,32,23,29.5,27.33,28
TX_1,HOUSEHOLD_1,65,8.68,1,None,21,28,16,24.5,21.67,23
WI_1,FOODS_3,66,8.49,0,None,50,56,53,53.0,53.0,51
TX_2,HOBBIES_1,55,9.79,0,None,15,20,18,17.5,17.67,15
WI_1,FOODS_1,4,5.23,1,None,69,73,64,71.0,68.67,70
TX_2,FOODS_3,22,9.7,0,None,27,25,17,26.0,23.0,25
CA_1,FOODS_1,10,1.97,0,None,42,39,48,40.5,43.0,40
CA_2,FOODS_1,65,6.53,0,None,91,89,87,90.0,89.0,90
CA_2,HOUSEHOLD_1,16,8.97,0,None,42,48,40,45.0,43.33,44
CA_1,HOBBIES_1,25,2.29,0,None,33,28,27,30.5,29.33,33
TX_1,FOODS_2,36,11.46,0,National,63,63,63,63.0,63.0,61
CA_2,FOODS_1,5,11.99,0,None,76,72,83,74.0,77.0,76
TX_1,FOODS_2,62,3.85,0,None,57,63,58,60.0,59.33,58
TX_1,FOODS_3,1,6.14,0,None,80,77,81,78.5,79.33,81
WI_1,FOODS_2,26,3.95,0,None,36,33,37,34.5,35.33,37
TX_2,FOODS_1,31,9.38,0,None,65,67,64,66.0,65.33,67
CA_2,FOODS_1,76,5.57,1,None,88,93,90,90.5,90.33,89
WI_1,FOODS_1,24,9.94,1,None,71,73,63,72.0,69.0,71
TX_2,FOODS_1,14,11.66,0,None,67,73,72,70.0,70.67,68
TX_1,FOODS_3,35,6.67,0,None,79,86,82,82.5,82.33,81
CA_2,FOODS_2,40,11.2,0,None,75,70,71,72.5,72.0,75
CA_2,HOUSEHOLD_1,47,9.66,1,None,45,40,53,42.5,46.0,45
WI_1,HOBBIES_1,11,4.3,0,None,44,46,40,45.0,43.33,43
TX_1,FOODS_2,22,2.56,0,None,54,52,59,53.0,55.0,53
CA_2,HOUSEHOLD_1,39,3.84,1,None,46,50,53,48.0,49.67,47
CA_2,FOODS_3,1,11.39,0,None,61,66,55,63.5,60.67,63
CA_2,HOUSEHOLD_1,5,2.81,0,None,44,41,41,42.5,42.0,42
TX_2,FOODS_3,30,9.62,0,None,24,28,21,26.0,24.33,24
TX_2,FOODS_3,14,11.97,0,None,22,18,16,20.0,18.67,20
TX_1,HOUSEHOLD_1,68,3.5,1,None,21,24,28,22.5,24.33,22
TX_1,HOBBIES_1,31,3.25,1,None,30,31,37,30.5,32.67,29
CA_1,HOUSEHOLD_1,65,9.4,0,None,49,48,45,48.5,47.33,50
CA_2,HOBBIES_1,52,6.51,0,None,67,65,73,66.0,68.33,66
TX_2,HOUSEHOLD_1,9,1.78,0,None,47,50,48,48.5,48.33,46
CA_1,HOUSEHOLD_1,50,2.02,0,None,49,53,46,51.0,49.33,50
TX_1,FOODS_3,44,1.89,1,None,86,87,92,86.5,88.33,88
TX_1,FOODS_1,14,10.96,0,National,16,17,13,16.5,15.33,17
CA_2,HOUSEHOLD_1,43,7.73,0,None,44,48,50,46.0,47.33,45
TX_1,HOBBIES_1,35,2.1,0,None,29,36,37,32.5,34.0,31
TX_1,FOODS_3,47,2.68,0,None,85,91,89,88.0,88.33,86
TX_2,HOUSEHOLD_1,8,6.86,0,None,48,49,49,48.5,48.67,46
TX_2,HOBBIES_1,47,4.48,1,None,10,16,11,13.0,12.33,11
TX_2,HOUSEHOLD_1,7,4.79,0,None,39,44,38,41.5,40.33,41
TX_2,HOBBIES_1,51,3.23,0,None,9,10,9,9.5,9.33,11
WI_1,FOODS_2,16,9.02,0,None,40,37,42,38.5,39.67,38
WI_1,FOODS_2,38,5.44,0,None,40,39,36,39.5,38.33,39
TX_1,FOODS_2,39,6.42,0,None,59,61,53,60.0,57.67,59
CA_1,FOODS_2,3,4.95,1,None,70,70,61,70.0,67.0,69
TX_2,FOODS_1,18,3.93,1,None,63,68,66,65.5,65.67,65
TX_1,FOODS_1,45,8.82,0,None,17,18,22,17.5,19.0,19
TX_2,FOODS_2,2,8.08,0,None,75,69,68,72.0,70.67,73
CA_2,HOBBIES_1,56,4.31,1,None,71,64,63,67.5,66.0,69
TX_2,HOUSEHOLD_1,15,8.25,0,None,44,39,51,41.5,44.67,43
CA_1,FOODS_1,58,3.13,1,None,36,41,43,38.5,40.0,38
CA_1,FOODS_2,57,2.15,0,National,76,73,81,74.5,76.67,75
TX_1,HOUSEHOLD_1,63,11.97,0,National,21,22,25,21.5,22.67,21
TX_1,FOODS_3,10,5.01,0,None,76,80,81,78.0,79.0,78
WI_1,FOODS_2,7,11.13,1,Cultural,42,39,41,40.5,40.67,40
TX_1,FOODS_1,54,8.68,0,National,26,20,29,23.0,25.0,24
TX_2,FOODS_1,60,11.4,0,None,72,77,76,74.5,75.0,73
CA_2,FOODS_2,43,9.66,0,None,67,66,71,66.5,68.0,68
WI_1,FOODS_3,15,6.56,0,None,52,54,56,53.0,54.0,52
CA_1,HOUSEHOLD_1,40,9.9,0,None,55,57,49,56.0,53.67,54
CA_2,FOODS_1,2,8.87,0,None,76,73,74,74.5,74.33,77
TX_1,HOBBIES_1,24,10.45,0,None,35,35,37,35.0,35.67,35
TX_1,FOODS_2,48,9.88,0,None,64,65,67,64.5,65.33,63
TX_1,FOODS_1,59,4.73,0,None,19,16,13,17.5,16.0,19
WI_1,HOBBIES_1,51,1.77,1,None,53,52,60,52.5,55.0,53
CA_2,FOODS_2,14,3.53,1,None,66,62,70,64.0,66.0,65
TX_2,HOBBIES_1,33,11.1,1,None,10,6,5,8.0,7.0,11
TX_2,FOODS_3,34,5.17,0,None,24,27,24,25.5,25.0,23
CA_2,HOBBIES_1,37,2.51,0,None,61,66,62,63.5,63.0,63
CA_1,FOODS_3,19,2.15,0,None,61,61,57,61.0,59.67,62
TX_1,HOUSEHOLD_1,72,8.66,0,None,23,19,21,21.0,21.0,23
CA_1,FOODS_1,39,2.53,0,None,37,41,34,39.0,37.33,38
CA_2,HOUSEHOLD_1,21,6.48,1,None,43,42,44,42.5,43.0,41
CA_1,FOODS_2,14,3.96,0,None,64,60,66,62.0,63.33,62
WI_1,HOUSEHOLD_1,15,3.25,0,None,79,73,81,76.0,77.67,77
TX_2,FOODS_1,51,3.01,0,None,72,68,78,70.0,72.67,70
TX_1,FOODS_2,29,8.15,0,None,53,56,55,54.5,54.67,52
WI_1,HOUSEHOLD_1,14,10.66,0,National,73,70,80,71.5,74.33,72
TX_1,HOUSEHOLD_1,16,11.8,1,Cultural,19,19,25,19.0,21.0,19
TX_2,FOODS_1,1,2.56,0,None,66,67,61,66.5,64.67,68
TX_2,FOODS_3,1,4.29,0,None,22,24,27,23.0,24.33,22
WI_1,HOUSEHOLD_1,36,2.41,0,None,80,83,85,81.5,82.67,80
CA_2,FOODS_2,38,5.97,0,None,74,69,78,71.5,73.67,72
CA_1,HOUSEHOLD_1,31,7.52,1,Religious,51,54,50,52.5,51.67,49
TX_2,FOODS_1,34,1.74,0,None,72,69,67,70.5,69.33,70
CA_1,FOODS_1,29,4.35,1,None,32,29,28,30.5,29.67,34
TX_2,FOODS_1,63,1.8,0,None,74,73,68,73.5,71.67,76
TX_2,FOODS_2,40,2.09,0,None,78,79,74,78.5,77.0,80
WI_1,FOODS_3,60,2.88,0,None,55,58,56,56.5,56.33,55
TX_1,FOODS_3,22,2.44,1,Religious,77,72,75,74.5,74.67,76
CA_1,FOODS_3,16,10.68,1,None,68,68,67,68.0,67.67,66
TX_2,FOODS_3,42,9.37,0,None,20,18,27,19.0,21.67,21
TX_2,FOODS_1,43,4.86,0,Cultural,72,72,68,72.0,70.67,73
TX_2,FOODS_2,22,7.6,1,None,76,75,76,75.5,75.67,77
TX_1,FOODS_2,66,3.22,0,None,69,64,64,66.5,65.67,67
CA_2,FOODS_2,30,2.65,1,Cultural,67,64,66,65.5,65.67,68
TX_1,FOODS_3,30,6.78,0,None,84,86,81,85.0,83.67,82
TX_1,HOUSEHOLD_1,20,11.63,0,None,21,18,12,19.5,17.0,20
TX_1,HOBBIES_1,32,5.85,1,National,31,28,32,29.5,30.33,31
CA_2,FOODS_3,49,5.74,0,None,70,74,79,72.0,74.33,71
CA_2,HOUSEHOLD_1,58,2.4,0,None,41,42,45,41.5,42.67,42
CA_2,HOBBIES_1,42,6.48,0,None,70,67,77,68.5,71.33,70
CA_1,HOBBIES_1,4,11.31,0,None,28,28,27,28.0,27.67,30
CA_2,HOUSEHOLD_1,40,9.71,0,None,46,41,41,43.5,42.67,44
WI_1,HOUSEHOLD_1,66,4.18,1,None,82,79,83,80.5,81.33,83
WI_1,FOODS_1,34,2.85,1,None,72,70,75,71.0,72.33,70
TX_2,FOODS_1,2,9.19,0,None,66,71,62,68.5,66.33,66
WI_1,FOODS_1,26,4.28,1,National,77,77,79,77.0,77.67,75
TX_2,FOODS_3,62,5.14,0,None,29,27,24,28.0,26.67,29
WI_1,FOODS_1,30,11.66,1,None,72,68,73,70.0,71.0,73
TX_1,FOODS_3,11,4.91,1,None,80,77,82,78.5,79.67,80
TX_2,FOODS_1,55,5.53,1,None,65,70,69,67.5,68.0,67
TX_1,HOBBIES_1,65,3.78,0,None,28,34,36,31.0,32.67,29
CA_1,FOODS_2,32,9.58,1,None,64,61,61,62.5,62.0,63
TX_2,HOUSEHOLD_1,24,1.5,1,None,44,41,37,42.5,40.67,44
CA_2,FOODS_3,30,5.34,1,None,73,72,75,72.5,73.33,73
TX_2,FOODS_1,13,1.71,0,None,58,59,60,58.5,59.0,59
TX_2,FOODS_1,20,9.19,0,None,70,69,76,69.5,71.67,69
TX_1,FOODS_2,44,5.4,0,None,62,65,68,63.5,65.0,61
TX_1,FOODS_3,24,5.85,0,None,87,87,85,87.0,86.33,87
TX_1,HOBBIES_1,48,2.74,0,None,30,31,38,30.5,33.0,30
TX_2,FOODS_2,67,7.97,0,Cultural,87,83,86,85.0,85.33,85
TX_2,FOODS_3,9,7.12,0,None,25,31,20,28.0,25.33,26
TX_2,HOBBIES_1,7,10.58,0,None,12,13,10,12.5,11.67,14
TX_1,FOODS_2,38,5.76,0,Cultural,58,63,62,60.5,61.0,58
WI_1,FOODS_1,74,8.15,0,None,80,78,74,79.0,77.33,80
TX_1,FOODS_2,4,7.27,0,None,47,53,40,50.0,46.67,48
CA_2,HOUSEHOLD_1,42,2.82,1,Religious,43,40,46,41.5,43.0,43
CA_2,HOUSEHOLD_1,25,3.64,0,None,38,37,35,37.5,36.67,40
CA_2,FOODS_1,70,5.95,0,Religious,87,82,81,84.5,83.33,87
CA_1,HOBBIES_1,34,9.61,0,None,35,31,31,33.0,32.33,33
CA_1,FOODS_1,76,6.08,1,None,48,46,53,47.0,49.0,46
WI_1,FOODS_3,52,8.9,0,None,56,58,60,57.0,58.0,54
CA_2,FOODS_1,60,5.14,0,None,88,90,92,89.0,90.0,86
CA_2,FOODS_1,11,3.4,1,None,77,73,69,75.0,73.0,76
CA_1,FOODS_3,23,3.72,0,None,69,67,69,68.0,68.33,68
TX_1,HOBBIES_1,42,2.73,0,None,35,31,33,33.0,33.0,36
WI_1,FOODS_2,56,7.04,0,None,42,45,39,43.5,42.0,40
TX_2,FOODS_3,39,4.03,1,None,26,20,27,23.0,24.33,24
TX_2,FOODS_3,18,8.61,0,None,28,29,26,28.5,27.67,27
CA_2,FOODS_3,57,7.92,1,None,71,75,73,73.0,73.0,72
CA_1,FOODS_1,62,6.23,1,National,40,37,46,38.5,41.0,40
TX_2,FOODS_2,65,4.64,0,None,84,87,82,85.5,84.33,85
TX_1,FOODS_2,26,7.63,0,None,57,60,60,58.5,59.0,59
TX_2,HOBBIES_1,50,10.81,0,None,9,12,16,10.5,12.33,10
WI_1,HOBBIES_1,37,10.17,0,None,49,56,54,52.5,53.0,51
CA_1,HOBBIES_1,48,6.39,0,None,36,39,41,37.5,38.67,38
CA_1,FOODS_1,37,11.77,0,None,43,43,34,43.0,40.0,42
TX_2,HOBBIES_1,76,9.97,1,None,17,16,25,16.5,19.33,17
CA_2,HOBBIES_1,47,9.73,1,None,66,61,65,63.5,64.0,66
WI_1,FOODS_3,46,3.2,0,None,52,53,48,52.5,51.0,51
WI_1,HOUSEHOLD_1,2,11.69,0,National,74,69,79,71.5,74.0,73
TX_1,FOODS_3,54,11.22,0,None,92,91,96,91.5,93.0,90
WI_1,HOUSEHOLD_1,53,5.23,0,Religious,83,81,91,82.0,85.0,83
CA_2,HOUSEHOLD_1,46,9.68,1,None,41,42,39,41.5,40.67,43
CA_1,FOODS_3,38,5.98,0,None,68,66,62,67.0,65.33,70
TX_1,FOODS_2,73,10.89,0,None,60,58,65,59.0,61.0,60
CA_2,FOODS_1,72,1.66,0,None,90,89,93,89.5,90.67,89
CA_2,HOBBIES_1,60,9.72,0,None,63,60,67,61.5,63.33,62
CA_2,HOUSEHOLD_1,68,5.83,0,None,43,43,42,43.0,42.67,45
WI_1,FOODS_3,47,6.3,0,None,51,53,52,52.0,52.0,52
WI_1,FOODS_1,5,9.37,0,None,72,70,75,71.0,72.33,70
CA_2,HOUSEHOLD_1,36,11.21,0,None,41,45,32,43.0,39.33,40
CA_2,FOODS_1,28,3.47,1,None,83,81,91,82.0,85.0,84
TX_1,HOUSEHOLD_1,21,2.29,1,None,19,16,13,17.5,16.0,18
TX_1,FOODS_1,56,4.05,0,None,17,13,12,15.0,14.0,16
TX_2,HOBBIES_1,57,9.6,0,None,21,23,17,22.0,20.33,20
CA_2,HOBBIES_1,1,9.13,0,None,62,62,69,62.0,64.33,63
CA_1,FOODS_2,38,5.97,0,None,75,76,78,75.5,76.33,73
CA_2,FOODS_1,33,9.72,0,National,80,82,74,81.0,78.67,78
WI_1,HOBBIES_1,67,10.85,0,None,49,56,56,52.5,53.67,51
TX_1,FOODS_3,46,7.9,0,None,91,89,90,90.0,90.0,92
CA_2,FOODS_3,66,9.31,0,National,77,79,69,78.0,75.0,77
WI_1,HOBBIES_1,74,4.93,0,None,48,48,45,48.0,47.0,48
CA_1,FOODS_2,13,11.35,0,None,66,59,63,62.5,62.67,64
TX_1,FOODS_2,2,8.86,0,None,47,51,49,49.0,49.0,48
TX_2,HOUSEHOLD_1,3,1.52,0,None,42,46,39,44.0,42.33,42
WI_1,HOBBIES_1,73,4.87,0,None,55,52,48,53.5,51.67,53
CA_2,HOUSEHOLD_1,61,8.37,1,National,42,46,42,44.0,43.33,41
CA_2,FOODS_2,37,4.44,0,None,72,73,70,72.5,71.67,70
TX_2,FOODS_2,45,4.97,1,None,82,87,79,84.5,82.67,83
TX_2,FOODS_3,17,3.74,0,None,18,17,14,17.5,16.33,18
CA_1,FOODS_1,12,5.31,1,None,40,41,45,40.5,42.0,38
CA_2,FOODS_1,12,5.79,1,None,80,80,85,80.0,81.67,81
CA_1,HOBBIES_1,54,5.68,1,None,39,45,44,42.0,42.67,40
TX_1,HOBBIES_1,66,2.63,0,None,31,26,29,28.5,28.67,29
TX_2,FOODS_1,37,2.91,0,None,68,65,64,66.5,65.67,70
WI_1,FOODS_2,65,6.75,0,None,35,30,32,32.5,32.33,34
CA_2,HOBBIES_1,75,5.16,0,None,75,74,67,74.5,72.0,73
WI_1,FOODS_1,33,10.45,0,None,77,76,77,76.5,76.67,79
WI_1,HOBBIES_1,34,10.4,1,Religious,43,45,50,44.0,46.0,45
CA_2,HOBBIES_1,74,5.43,0,None,69,65,72,67.0,68.67,68
TX_1,FOODS_2,5,9.27,0,Religious,54,57,50,55.5,53.67,53
CA_1,FOODS_3,6,2.54,0,None,69,73,68,71.0,70.0,68
TX_1,FOODS_2,49,2.5,1,None,65,63,67,64.0,65.0,63
TX_2,HOUSEHOLD_1,57,8.05,1,None,47,47,46,47.0,46.67,48
CA_1,HOBBIES_1,27,11.74,0,None,41,34,41,37.5,38.67,39
CA_1,HOUSEHOLD_1,28,8.17,0,None,47,50,39,48.5,45.33,45
WI_1,HOBBIES_1,38,10.25,0,None,46,44,53,45.0,47.67,48
TX_1,HOBBIES_1,39,7.91,0,None,33,36,30,34.5,33.0,32
CA_2,FOODS_2,54,6.3,0,None,76,77,79,76.5,77.33,78
TX_2,FOODS_3,40,10.0,0,None,22,26,16,24.0,21.33,24
TX_1,HOBBIES_1,15,2.92,1,None,34,36,37,35.0,35.67,34
CA_2,HOUSEHOLD_1,76,8.22,1,None,40,44,40,42.0,41.33,40
WI_1,FOODS_2,67,11.28,0,None,39,38,46,38.5,41.0,40
CA_2,HOUSEHOLD_1,69,5.17,0,None,44,47,49,45.5,46.67,45
TX_2,FOODS_2,15,4.75,0,None,82,86,73,84.0,80.33,81
TX_2,FOODS_1,49,3.87,0,None,73,74,77,73.5,74.67,75
WI_1,HOBBIES_1,66,9.82,0,None,54,50,52,52.0,52.0,55
WI_1,HOUSEHOLD_1,61,6.87,0,None,79,80,86,79.5,81.67,80
CA_2,FOODS_2,60,5.81,0,None,72,71,77,71.5,73.33,70
CA_1,FOODS_1,23,5.07,0,National,39,40,32,39.5,37.0,37
CA_1,HOUSEHOLD_1,49,7.11,0,None,51,53,48,52.0,50.67,53
TX_2,FOODS_2,46,10.7,1,Cultural,81,80,77,80.5,79.33,83
TX_2,FOODS_3,4,6.74,0,None,20,17,15,18.5,17.33,20
WI_1,FOODS_2,6,8.51,0,National,36,38,40,37.0,38.0,36
CA_1,HOUSEHOLD_1,33,9.12,0,None,51,47,45,49.0,47.67,51
CA_2,FOODS_1,47,5.84,0,None,81,83,89,82.0,84.33,83
CA_2,FOODS_2,12,11.73,1,Religious,66,61,72,63.5,66.33,66
CA_1,FOODS_3,64,5.6,1,None,71,67,80,69.0,72.67,72
TX_1,FOODS_2,65,8.53,1,None,57,57,53,57.0,55.67,57
TX_2,FOODS_1,73,1.62,0,None,77,72,79,74.5,76.0,75
TX_2,HOUSEHOLD_1,76,11.35,0,None,47,47,51,47.0,48.33,47
TX_1,HOBBIES_1,11,8.62,1,None,32,34,40,33.0,35.33,34
WI_1,HOUSEHOLD_1,27,6.69,1,Religious,72,77,82,74.5,77.0,74
CA_1,FOODS_2,17,5.62,1,None,67,67,71,67.0,68.33,67
TX_1,HOBBIES_1,8,9.43,0,None,31,26,31,28.5,29.33,30
TX_1,HOBBIES_1,70,9.83,0,None,35,30,31,32.5,32.0,34
TX_1,HOUSEHOLD_1,15,8.86,1,Cultural,21,15,19,18.0,18.33,19
WI_1,FOODS_3,19,3.6,0,None,50,47,48,48.5,48.33,50
TX_2,FOODS_2,77,11.65,0,Religious,85,83,91,84.0,86.33,87
CA_2,HOUSEHOLD_1,4,7.99,0,None,33,38,26,35.5,32.33,34
WI_1,FOODS_3,33,8.78,1,None,49,45,43,47.0,45.67,48
TX_1,FOODS_3,73,2.26,0,None,90,87,86,88.5,87.67,89
CA_1,FOODS_2,77,1.54,0,None,74,69,69,71.5,70.67,72
TX_1,HOUSEHOLD_1,22,2.33,0,None,16,20,20,18.0,18.67,15
WI_1,FOODS_2,41,9.53,0,None,41,37,43,39.0,40.33,39
WI_1,HOUSEHOLD_1,75,8.26,1,None,80,83,79,81.5,80.67,78
TX_1,FOODS_1,20,9.99,0,None,20,19,27,19.5,22.0,19
CA_2,FOODS_3,42,9.39,1,None,65,70,73,67.5,69.33,65
CA_2,HOUSEHOLD_1,11,9.5,0,None,37,34,40,35.5,37.0,38
TX_2,FOODS_1,58,6.85,1,National,69,70,70,69.5,69.67,71
TX_2,FOODS_2,64,4.35,0,None,87,80,82,83.5,83.0,85
WI_1,FOODS_1,67,9.56,0,None,82,81,91,81.5,84.67,84
TX_2,FOODS_2,29,10.96,0,None,80,80,72,80.0,77.33,78
CA_2,FOODS_2,26,10.41,0,None,69,73,78,71.0,73.33,70
CA_2,FOODS_3,21,11.63,1,None,69,71,68,70.0,69.33,69
TX_1,HOUSEHOLD_1,64,6.21,0,None,25,31,18,28.0,24.67,26
TX_1,HOUSEHOLD_1,42,4.93,0,None,13,14,23,13.5,16.67,15
TX_1,FOODS_1,32,10.42,1,None,20,18,23,19.0,20.33,20
CA_2,FOODS_2,51,10.83,0,None,75,79,72,77.0,75.33,74
CA_2,HOBBIES_1,18,4.95,0,None,64,68,64,66.0,65.33,64
TX_2,HOBBIES_1,39,7.51,0,None,12,7,5,9.5,8.0,12
WI_1,FOODS_3,28,9.0,1,None,49,50,43,49.5,47.33,51
TX_2,HOUSEHOLD_1,27,9.81,0,None,44,48,40,46.0,44.0,45
TX_1,HOUSEHOLD_1,73,7.4,1,None,15,21,19,18.0,18.33,17
TX_1,FOODS_1,21,9.33,0,None,14,20,10,17.0,14.67,15
CA_1,FOODS_2,40,3.44,0,None,69,68,61,68.5,66.0,68
CA_2,HOUSEHOLD_1,48,8.17,0,None,46,44,53,45.0,47.67,48
WI_1,FOODS_2,13,10.44,1,None,37,32,36,34.5,35.0,36
TX_1,HOUSEHOLD_1,4,6.12,0,Cultural,13,13,20,13.0,15.33,15
TX_1,FOODS_1,61,3.74,0,None,24,24,21,24.0,23.0,22
CA_1,FOODS_2,43,10.57,0,None,65,64,72,64.5,67.0,67
CA_2,HOBBIES_1,41,4.3,1,None,65,64,59,64.5,62.67,65
WI_1,HOBBIES_1,64,10.61,1,None,49,45,45,47.0,46.33,48
CA_2,HOBBIES_1,20,2.24,0,None,58,55,63,56.5,58.67,60
CA_1,HOUSEHOLD_1,62,3.39,0,None,54,56,45,55.0,51.67,53
CA_1,HOBBIES_1,38,10.89,0,None,40,41,36,40.5,39.0,42
CA_2,HOBBIES_1,40,3.8,1,None,66,67,65,66.5,66.0,68
TX_1,FOODS_3,12,9.89,1,None,78,75,85,76.5,79.33,77
TX_1,FOODS_1,53,4.56,0,None,20,18,26,19.0,21.33,20
TX_1,FOODS_2,20,4.85,0,None,49,52,54,50.5,51.67,51
CA_1,FOODS_1,47,5.84,0,None,37,39,45,38.0,40.33,39
TX_2,FOODS_3,65,10.93,1,None,22,25,27,23.5,24.67,23
WI_1,FOODS_2,31,7.32,1,None,37,35,44,36.0,38.67,37
TX_1,FOODS_3,68,5.67,0,None,88,85,84,86.5,85.67,87
TX_1,FOODS_2,30,6.49,0,None,59,63,55,61.0,59.0,59
TX_1,FOODS_1,4,2.94,0,None,17,12,14,14.5,14.33,15
TX_2,FOODS_1,65,5.4,1,None,71,77,77,74.0,75.0,73
WI_1,HOUSEHOLD_1,77,5.78,0,None,82,80,78,81.0,80.0,81
CA_1,FOODS_1,5,6.88,0,None,33,39,38,36.0,36.67,35
TX_1,HOBBIES_1,3,5.82,0,None,24,20,15,22.0,19.67,22
WI_1,FOODS_2,44,11.2,0,Cultural,33,34,29,33.5,32.0,35
CA_1,HOBBIES_1,33,6.97,0,None,33,29,27,31.0,29.67,34
WI_1,HOBBIES_1,14,5.06,1,None,47,52,54,49.5,51.0,49
WI_1,FOODS_3,70,7.54,1,None,50,43,55,46.5,49.33,48
CA_2,FOODS_1,59,8.23,0,None,89,92,88,90.5,89.67,87
TX_1,HOBBIES_1,2,10.27,0,None,29,30,35,29.5,31.33,29
TX_1,HOBBIES_1,77,4.21,1,None,33,36,30,34.5,33.0,34
TX_1,FOODS_1,68,7.2,0,None,25,26,22,25.5,24.33,24
WI_1,HOUSEHOLD_1,71,11.7,0,None,82,84,85,83.0,83.67,81
CA_1,HOBBIES_1,74,9.39,0,None,33,32,28,32.5,31.0,35
TX_2,FOODS_3,57,8.34,0,None,29,24,21,26.5,24.67,28
TX_2,HOUSEHOLD_1,39,7.43,0,None,49,51,44,50.0,48.0,49
CA_1,HOUSEHOLD_1,6,3.25,0,None,44,47,50,45.5,47.0,45
CA_1,FOODS_2,73,2.34,0,None,74,69,65,71.5,69.33,72
TX_1,HOUSEHOLD_1,71,4.12,1,None,22,22,13,22.0,19.0,21
TX_2,FOODS_1,59,6.13,1,None,72,71,70,71.5,71.0,72
CA_2,FOODS_3,36,5.01,0,None,71,67,70,69.0,69.33,70
CA_1,FOODS_1,51,1.61,0,None,39,43,33,41.0,38.33,39
WI_1,FOODS_1,41,5.88,0,None,80,76,82,78.0,79.33,80
CA_2,HOUSEHOLD_1,34,2.88,1,None,42,41,41,41.5,41.33,41
TX_1,FOODS_1,64,4.36,0,None,17,17,19,17.0,17.67,18
TX_2,FOODS_3,69,7.29,1,None,21,25,18,23.0,21.33,23
TX_1,HOUSEHOLD_1,38,4.25,0,None,16,18,19,17.0,17.67,18
TX_2,FOODS_1,12,7.94,0,None,61,66,59,63.5,62.0,63
CA_2,FOODS_2,9,7.02,0,National,63,63,69,63.0,65.0,64
TX_1,FOODS_3,48,7.35,0,None,84,86,87,85.0,85.67,86
CA_2,HOBBIES_1,38,7.46,0,Religious,63,59,65,61.0,62.33,61
CA_2,FOODS_1,15,6.08,0,None,81,86,89,83.5,85.33,81
CA_2,FOODS_2,50,3.9,1,None,77,74,71,75.5,74.0,75
CA_1,HOUSEHOLD_1,13,8.54,0,None,42,41,43,41.5,42.0,43
CA_1,FOODS_1,20,5.16,0,National,38,37,44,37.5,39.67,40
CA_2,HOBBIES_1,69,9.61,0,None,71,69,64,70.0,68.0,70
CA_1,FOODS_1,36,5.53,0,None,38,43,31,40.5,37.33,38
TX_1,FOODS_2,56,8.85,0,None,56,56,54,56.0,55.33,54
TX_1,FOODS_1,58,11.18,0,None,19,22,21,20.5,20.67,18
WI_1,FOODS_3,37,2.35,0,None,53,50,53,51.5,52.0,53
CA_2,FOODS_1,23,2.64,0,None,80,82,76,81.0,79.33,80
TX_1,FOODS_2,74,3.81,0,None,62,65,62,63.5,63.0,61
CA_2,FOODS_2,76,3.22,1,None,80,78,74,79.0,77.33,79
CA_2,HOUSEHOLD_1,66,6.81,0,None,42,39,48,40.5,43.0,43
TX_1,HOBBIES_1,62,10.16,0,None,33,36,29,34.5,32.67,34
TX_2,FOODS_1,45,2.34,0,None,75,71,73,73.0,73.0,76
CA_1,HOBBIES_1,15,9.78,0,None,29,28,28,28.5,28.33,31
TX_2,HOBBIES_1,31,6.69,0,None,8,8,8,8.0,8.0,8
TX_1,HOUSEHOLD_1,50,6.65,1,None,17,17,15,17.0,16.33,19
TX_1,FOODS_1,15,4.39,0,None,20,23,27,21.5,23.33,21
WI_1,FOODS_2,63,3.72,1,None,42,41,41,41.5,41.33,43
CA_2,FOODS_2,28,9.86,0,None,72,78,78,75.0,76.0,73
CA_1,FOODS_3,1,4.17,0,None,62,63,61,62.5,62.0,61
TX_1,FOODS_3,38,8.38,1,None,82,85,77,83.5,81.33,83
TX_1,FOODS_2,7,10.12,0,None,51,49,58,50.0,52.67,53
TX_2,FOODS_3,3,8.62,0,None,28,27,33,27.5,29.33,27
CA_2,HOBBIES_1,10,6.62,0,Cultural,59,62,65,60.5,62.0,60
CA_2,HOBBIES_1,70,7.11,1,None,65,69,60,67.0,64.67,67
TX_2,HOUSEHOLD_1,43,11.9,1,None,48,45,40,46.5,44.33,47
CA_2,FOODS_3,31,1.57,1,None,70,74,78,72.0,74.0,72
WI_1,HOBBIES_1,65,6.13,0,None,48,47,42,47.5,45.67,50
CA_1,FOODS_1,18,2.29,1,None,37,37,38,37.0,37.33,38
CA_1,FOODS_2,51,8.77,1,None,69,71,65,70.0,68.33,69
TX_2,FOODS_3,38,7.77,1,None,20,25,12,22.5,19.0,20
TX_2,FOODS_2,48,9.05,1,None,82,80,89,81.0,83.67,83
WI_1,HOUSEHOLD_1,46,8.34,1,None,80,85,73,82.5,79.33,80
TX_1,FOODS_3,4,5.35,1,None,78,81,80,79.5,79.67,77
TX_1,FOODS_3,57,5.03,1,None,90,85,88,87.5,87.67,90
WI_1,HOUSEHOLD_1,42,9.85,1,None,76,79,80,77.5,78.33,78
CA_1,FOODS_3,37,10.95,0,National,72,65,70,68.5,69.0,70
TX_1,HOUSEHOLD_1,62,8.16,0,None,23,18,29,20.5,23.33,22
TX_1,FOODS_3,69,9.3,1,Cultural,85,88,86,86.5,86.33,87
WI_1,HOUSEHOLD_1,33,4.91,0,None,77,74,71,75.5,74.0,76
WI_1,FOODS_3,35,3.09,0,None,52,56,50,54.0,52.67,51
CA_2,FOODS_3,68,4.99,0,None,73,70,78,71.5,73.67,75
CA_1,FOODS_3,27,10.46,0,None,68,63,72,65.5,67.67,68
CA_1,HOBBIES_1,71,7.11,1,None,38,35,46,36.5,39.67,39
CA_2,FOODS_2,35,7.08,0,Religious,74,78,78,76.0,76.67,74
WI_1,FOODS_2,18,1.91,1,None,40,35,31,37.5,35.33,39
WI_1,FOODS_2,59,6.39,0,Religious,37,34,42,35.5,37.67,37
WI_1,FOODS_1,63,2.58,0,None,87,83,90,85.0,86.67,86
WI_1,FOODS_3,23,8.94,0,None,47,52,41,49.5,46.67,47
CA_2,FOODS_2,56,4.47,0,None,75,73,84,74.0,77.33,76
WI_1,HOUSEHOLD_1,62,11.12,0,None,85,91,95,88.0,90.33,87
TX_1,HOBBIES_1,69,7.9,1,None,38,36,46,37.0,40.0,39
CA_2,FOODS_2,15,1.99,0,None,67,67,61,67.0,65.0,67
CA_1,FOODS_3,4,2.99,0,None,62,64,61,63.0,62.33,60
TX_2,FOODS_2,12,9.98,0,None,77,78,82,77.5,79.0,77
TX_2,FOODS_1,41,7.82,0,None,72,67,79,69.5,72.67,72
CA_1,FOODS_1,17,1.78,1,National,36,35,31,35.5,34.0,37
TX_1,HOBBIES_1,72,4.11,0,None,35,42,45,38.5,40.67,37
WI_1,HOUSEHOLD_1,49,7.94,0,None,83,87,84,85.0,84.67,83
CA_2,FOODS_3,8,8.34,1,None,71,75,63,73.0,69.67,70
CA_2,HOBBIES_1,43,10.73,0,National,62,65,72,63.5,66.33,64
WI_1,FOODS_1,28,6.93,0,None,75,75,81,75.0,77.0,74
TX_1,HOBBIES_1,19,4.84,0,None,24,28,19,26.0,23.67,24
WI_1,FOODS_1,64,8.85,0,None,84,80,77,82.0,80.33,82
TX_2,HOUSEHOLD_1,42,5.13,0,None,44,41,39,42.5,41.33,44
TX_1,FOODS_3,36,3.38,0,None,86,88,81,87.0,85.0,87
WI_1,HOBBIES_1,40,6.73,0,None,50,53,47,51.5,50.0,49
CA_1,HOBBIES_1,53,5.82,1,None,41,45,38,43.0,41.33,40
TX_1,FOODS_1,28,11.31,1,None,17,20,13,18.5,16.67,15
WI_1,FOODS_1,29,4.97,0,None,78,76,69,77.0,74.33,77
CA_1,FOODS_3,72,6.25,1,None,75,72,71,73.5,72.67,74
CA_1,FOODS_1,27,10.86,0,None,35,35,34,35.0,34.67,34
WI_1,FOODS_3,11,2.26,0,None,48,44,47,46.0,46.33,49
CA_2,FOODS_1,53,5.17,0,None,85,84,84,84.5,84.33,87
WI_1,HOUSEHOLD_1,26,4.8,0,None,76,74,76,75.0,75.33,76
TX_2,HOBBIES_1,3,8.04,0,None,12,5,16,8.5,11.0,10
CA_1,FOODS_3,76,5.46,1,None,73,75,72,74.0,73.33,72
CA_1,FOODS_1,38,7.91,0,None,32,35,31,33.5,32.67,33
CA_2,HOUSEHOLD_1,57,3.12,1,None,45,42,46,43.5,44.33,46
TX_1,HOBBIES_1,45,1.56,0,None,34,37,40,35.5,37.0,34
TX_2,HOBBIES_1,13,8.14,0,None,17,19,23,18.0,19.67,16
CA_2,FOODS_2,8,6.12,1,None,61,64,63,62.5,62.67,61
WI_1,FOODS_2,72,4.07,0,None,39,39,38,39.0,38.67,39
WI_1,HOUSEHOLD_1,45,5.96,0,None,87,88,93,87.5,89.33,86
CA_2,HOBBIES_1,72,2.21,1,None,67,66,69,66.5,67.33,65
WI_1,HOBBIES_1,5,6.23,0,None,44,40,42,42.0,42.0,45
CA_2,HOBBIES_1,24,6.02,0,None,62,58,68,60.0,62.67,60
WI_1,FOODS_2,35,9.67,0,Cultural,41,39,31,40.0,37.0,39
TX_2,FOODS_1,64,7.73,1,None,77,74,76,75.5,75.67,75
TX_2,FOODS_1,4,9.45,1,None,68,63,66,65.5,65.67,66
TX_2,HOBBIES_1,30,3.21,1,None,10,14,17,12.0,13.67,9
TX_2,HOUSEHOLD_1,65,4.97,1,None,51,48,48,49.5,49.0,50
WI_1,FOODS_1,57,8.11,1,None,84,86,83,85.0,84.33,84
TX_2,FOODS_2,69,7.99,1,None,81,81,83,81.0,81.67,82
WI_1,FOODS_3,62,10.98,0,Cultural,50,47,45,48.5,47.33,49
TX_1,FOODS_1,31,3.84,1,None,20,18,19,19.0,19.0,18
CA_1,FOODS_3,7,11.09,0,None,65,64,62,64.5,63.67,66
TX_1,FOODS_3,33,11.94,0,None,86,82,85,84.0,84.33,84
TX_2,FOODS_1,32,6.09,0,None,68,65,75,66.5,69.33,68
TX_1,FOODS_1,52,5.54,1,None,22,23,31,22.5,25.33,24
WI_1,FOODS_2,5,11.06,0,None,40,34,35,37.0,36.33,39
TX_1,FOODS_2,31,3.76,1,None,55,58,57,56.5,56.67,57
TX_1,FOODS_2,67,7.21,1,None,64,66,66,65.0,65.33,63
CA_1,FOODS_2,76,9.68,0,None,69,70,68,69.5,69.0,70
WI_1,FOODS_3,75,2.34,0,None,56,56,59,56.0,57.0,55
WI_1,FOODS_3,17,7.54,0,None,43,49,41,46.0,44.33,44
CA_2,FOODS_2,48,8.71,0,None,69,67,71,68.0,69.0,70
TX_1,HOUSEHOLD_1,58,8.26,0,None,19,22,26,20.5,22.33,18
TX_2,FOODS_2,19,5.44,0,None,78,73,78,75.5,76.33,77
WI_1,FOODS_1,65,11.47,0,None,77,78,69,77.5,74.67,77
CA_1,FOODS_2,27,5.05,1,None,66,61,70,63.5,65.67,66
TX_2,HOBBIES_1,60,8.95,0,None,8,8,7,8.0,7.67,10
TX_2,HOBBIES_1,58,9.14,1,None,9,11,12,10.0,10.67,10
CA_2,FOODS_3,48,2.2,0,None,73,75,75,74.0,74.33,74
WI_1,FOODS_3,9,5.74,1,Cultural,46,50,54,48.0,50.0,46
TX_1,HOUSEHOLD_1,66,10.56,0,None,21,20,25,20.5,22.0,22
CA_1,FOODS_1,54,11.68,0,None,39,40,40,39.5,39.67,39
CA_1,FOODS_2,75,10.72,0,National,74,72,77,73.0,74.33,75
CA_2,FOODS_1,19,9.86,0,None,82,89,79,85.5,83.33,84
WI_1,HOUSEHOLD_1,21,7.02,0,None,67,68,73,67.5,69.33,68
CA_1,FOODS_3,54,11.04,1,None,67,65,61,66.0,64.33,68
WI_1,HOBBIES_1,53,7.99,0,None,56,57,60,56.5,57.67,54
TX_1,HOUSEHOLD_1,45,1.51,0,None,15,15,14,15.0,14.67,16
WI_1,FOODS_2,70,2.59,0,None,41,48,50,44.5,46.33,43
CA_1,FOODS_1,9,3.93,0,None,39,44,45,41.5,42.67,39
TX_1,HOBBIES_1,14,3.54,1,None,30,32,34,31.0,32.0,28
WI_1,FOODS_3,36,6.44,0,None,49,49,49,49.0,49.0,48
TX_1,HOBBIES_1,60,8.08,0,None,28,32,32,30.0,30.67,30
CA_2,FOODS_1,68,9.86,1,None,87,81,94,84.0,87.33,86
CA_1,HOBBIES_1,23,4.99,0,None,39,39,40,39.0,39.33,38
TX_2,FOODS_3,19,1.8,1,Cultural,25,24,18,24.5,22.33,26
TX_1,FOODS_2,50,10.73,1,None,55,54,50,54.5,53.0,54
WI_1,FOODS_2,54,7.3,1,None,38,37,33,37.5,36.0,40
TX_1,FOODS_2,34,10.86,0,None,57,60,53,58.5,56.67,57
WI_1,FOODS_1,56,8.8,1,None,77,77,79,77.0,77.67,77
WI_1,HOBBIES_1,47,11.2,0,None,52,48,54,50.0,51.33,53
CA_2,HOBBIES_1,8,11.46,0,National,66,59,65,62.5,63.33,64
CA_1,HOUSEHOLD_1,38,6.86,0,None,46,46,54,46.0,48.67,47
WI_1,FOODS_2,25,11.28,0,None,43,43,51,43.0,45.67,43
CA_1,HOBBIES_1,32,8.05,1,None,32,34,33,33.0,33.0,34
TX_2,FOODS_3,13,3.45,0,None,27,28,22,27.5,25.67,25
TX_2,HOBBIES_1,53,8.79,1,None,16,16,11,16.0,14.33,15
CA_1,FOODS_2,74,5.56,1,None,70,73,73,71.5,72.0,70
CA_2,FOODS_2,11,10.5,0,None,67,67,73,67.0,69.0,68
CA_2,HOBBIES_1,25,2.06,0,None,63,63,67,63.0,64.33,64
WI_1,HOUSEHOLD_1,60,10.92,1,None,77,76,73,76.5,75.33,79
WI_1,HOBBIES_1,41,4.26,0,None,51,50,57,50.5,52.67,50
CA_2,FOODS_3,12,3.32,1,None,66,69,60,67.5,65.0,68
TX_1,FOODS_3,5,11.93,0,None,78,81,80,79.5,79.67,78
CA_2,FOODS_2,27,5.64,0,None,72,69,75,70.5,72.0,70
WI_1,FOODS_3,51,3.55,0,None,49,48,44,48.5,47.0,47
TX_2,FOODS_1,17,6.16,0,None,68,65,65,66.5,66.0,68
CA_1,FOODS_2,70,10.61,1,None,73,69,70,71.0,70.67,72
WI_1,FOODS_3,24,7.02,0,None,49,52,47,50.5,49.33,50
WI_1,HOUSEHOLD_1,7,10.9,1,None,71,75,67,73.0,71.0,72
CA_2,FOODS_1,18,8.8,0,None,79,81,82,80.0,80.67,80
TX_1,FOODS_3,31,6.11,1,None,86,86,83,86.0,85.0,84
WI_1,HOUSEHOLD_1,31,9.58,1,None,82,81,83,81.5,82.0,82
CA_2,HOBBIES_1,44,8.64,0,Religious,65,69,56,67.0,63.33,64
TX_2,FOODS_3,64,2.38,0,None,28,28,20,28.0,25.33,28
CA_2,FOODS_2,2,11.73,0,None,63,67,55,65.0,61.67,63
TX_2,FOODS_3,41,4.55,0,None,22,20,26,21.0,22.67,22
CA_1,FOODS_3,33,9.19,1,None,69,66,66,67.5,67.0,67
TX_1,HOUSEHOLD_1,70,5.03,0,None,19,15,13,17.0,15.67,19
TX_2,FOODS_1,70,8.82,0,None,75,78,75,76.5,76.0,74
CA_2,FOODS_3,70,2.33,1,None,77,74,84,75.5,78.33,76
CA_1,FOODS_2,67,10.83,0,None,79,77,76,78.0,77.33,78
CA_2,HOUSEHOLD_1,59,11.32,0,None,47,45,54,46.0,48.67,47
TX_2,HOUSEHOLD_1,72,6.68,0,Cultural,54,56,44,55.0,51.33,52
TX_1,FOODS_3,58,3.05,0,None,90,85,92,87.5,89.0,88
CA_1,FOODS_3,44,1.88,1,None,67,72,70,69.5,69.67,68
WI_1,FOODS_2,17,1.91,0,None,38,34,41,36.0,37.67,39
TX_1,FOODS_2,37,6.24,0,None,55,58,48,56.5,53.67,54
CA_1,HOBBIES_1,49,1.83,1,None,38,41,35,39.5,38.0,39
CA_1,HOBBIES_1,63,6.11,0,None,38,44,38,41.0,40.0,39
WI_1,FOODS_3,63,9.13,0,None,58,62,63,60.0,61.0,58
CA_2,FOODS_1,16,6.92,0,None,79,78,86,78.5,81.0,79
CA_1,FOODS_2,46,6.82,0,None,71,72,77,71.5,73.33,72
TX_2,FOODS_1,53,2.21,1,None,72,67,73,69.5,70.67,72
CA_1,FOODS_3,49,3.85,0,Cultural,74,69,72,71.5,71.67,72
TX_2,HOBBIES_1,77,3.32,1,None,12,6,16,9.0,11.33,11
TX_1,FOODS_1,66,7.2,1,None,19,22,15,20.5,18.67,17
CA_1,HOBBIES_1,16,11.29,0,National,33,31,30,32.0,31.33,34
TX_2,HOBBIES_1,54,6.91,0,Religious,21,22,23,21.5,22.0,19
WI_1,HOBBIES_1,59,3.22,0,None,54,55,54,54.5,54.33,52
WI_1,HOBBIES_1,39,8.82,0,None,46,42,41,44.0,43.0,46
TX_1,HOUSEHOLD_1,76,9.5,1,None,18,17,26,17.5,20.33,18
WI_1,FOODS_2,45,8.0,0,None,39,39,34,39.0,37.33,37
TX_2,HOBBIES_1,41,11.09,1,None,13,15,13,14.0,13.67,11
CA_1,HOUSEHOLD_1,77,8.88,1,Cultural,56,55,49,55.5,53.33,55
WI_1,FOODS_2,77,10.26,0,None,43,41,33,42.0,39.0,41
TX_1,FOODS_2,8,1.9,0,None,56,60,56,58.0,57.33,55
WI_1,FOODS_1,50,10.82,0,None,80,82,77,81.0,79.67,79
CA_1,FOODS_3,66,4.8,0,None,77,75,74,76.0,75.33,79
CA_2,HOBBIES_1,26,3.65,0,None,70,67,77,68.5,71.33,69
CA_1,FOODS_1,2,5.84,1,National,35,35,33,35.0,34.33,37
CA_1,FOODS_2,36,10.62,1,None,72,75,78,73.5,75.0,70
CA_2,HOUSEHOLD_1,6,11.89,0,None,39,42,32,40.5,37.67,39
WI_1,HOBBIES_1,71,4.42,0,Religious,55,51,47,53.0,51.0,53
TX_1,FOODS_3,28,6.53,0,None,87,81,82,84.0,83.33,85
WI_1,FOODS_2,32,5.41,0,Religious,40,41,41,40.5,40.67,38
WI_1,FOODS_2,20,7.21,0,Cultural,29,27,27,28.0,27.67,31
WI_1,HOUSEHOLD_1,57,11.01,0,None,84,87,86,85.5,85.67,84
TX_2,HOBBIES_1,25,2.78,0,Religious,16,19,11,17.5,15.33,16
TX_2,HOBBIES_1,24,6.33,0,National,14,15,18,14.5,15.67,14
TX_2,HOUSEHOLD_1,71,9.58,0,Cultural,50,53,52,51.5,51.67,50
TX_2,FOODS_2,60,9.51,0,None,81,76,74,78.5,77.0,81
WI_1,FOODS_3,48,10.94,1,None,58,56,52,57.0,55.33,56
CA_2,FOODS_1,57,5.39,0,None,85,83,87,84.0,85.0,84
TX_2,HOUSEHOLD_1,58,6.06,0,None,46,49,54,47.5,49.67,47
TX_1,HOUSEHOLD_1,59,10.14,0,None,18,24,15,21.0,19.0,20
TX_2,FOODS_2,25,5.5,0,None,81,84,76,82.5,80.33,82
WI_1,HOBBIES_1,24,9.36,1,None,44,49,52,46.5,48.33,45
WI_1,FOODS_2,15,5.31,1,None,35,32,27,33.5,31.33,34
TX_2,HOBBIES_1,12,8.0,0,National,10,14,20,12.0,14.67,12
CA_2,HOBBIES_1,48,10.89,1,None,61,60,56,60.5,59.0,63
WI_1,FOODS_3,74,5.17,1,None,50,48,52,49.0,50.0,51
TX_2,FOODS_2,26,1.96,0,None,82,82,83,82.0,82.33,83
WI_1,FOODS_3,14,9.97,1,None,51,49,53,50.0,51.0,52
CA_1,HOUSEHOLD_1,10,8.22,0,Religious,48,46,39,47.0,44.33,47
CA_2,HOBBIES_1,33,3.7,0,None,61,64,62,62.5,62.33,62
TX_2,HOBBIES_1,49,7.98,0,None,7,8,7,7.5,7.33,7
TX_2,HOUSEHOLD_1,17,8.86,0,None,36,41,40,38.5,39.0,38
CA_2,HOUSEHOLD_1,17,1.93,0,None,45,42,38,43.5,41.67,43
TX_2,FOODS_3,74,2.39,0,None,22,18,29,20.0,23.0,23
TX_2,FOODS_2,51,8.79,0,None,82,83,75,82.5,80.0,82
TX_1,FOODS_3,49,4.93,0,Cultural,88,92,88,90.0,89.33,88
CA_2,HOBBIES_1,12,5.02,0,None,61,67,56,64.0,61.33,62
CA_2,HOBBIES_1,17,4.25,0,None,63,66,71,64.5,66.67,64
TX_2,FOODS_2,75,5.21,0,Religious,88,85,90,86.5,87.67,87
TX_2,HOBBIES_1,15,7.7,0,None,14,10,4,12.0,9.33,12
TX_2,HOBBIES_1,23,7.32,0,Cultural,11,15,14,13.0,13.33,11
TX_2,FOODS_2,17,9.85,0,None,71,73,77,72.0,73.67,71
WI_1,HOUSEHOLD_1,30,7.19,0,None,79,80,80,79.5,79.67,77
TX_2,FOODS_2,23,2.39,0,None,77,74,71,75.5,74.0,75
TX_2,HOUSEHOLD_1,34,4.3,1,None,40,37,39,38.5,38.67,39
TX_2,FOODS_3,63,6.06,0,None,28,28,33,28.0,29.67,30
TX_2,HOUSEHOLD_1,67,10.41,0,None,50,49,59,49.5,52.67,52
WI_1,FOODS_2,47,2.39,1,None,45,40,41,42.5,42.0,43
TX_2,FOODS_3,46,5.72,1,None,29,29,24,29.0,27.33,29
WI_1,HOUSEHOLD_1,4,5.63,1,None,75,70,74,72.5,73.0,75
WI_1,HOBBIES_1,58,11.41,0,None,56,50,57,53.0,54.33,55
WI_1,FOODS_2,27,4.23,0,None,38,38,45,38.0,40.33,38
WI_1,HOBBIES_1,10,10.13,0,None,48,54,41,51.0,47.67,49
TX_1,FOODS_1,26,11.15,0,None,21,22,18,21.5,20.33,20
CA_2,HOBBIES_1,30,4.6,0,None,63,59,70,61.0,64.0,64
TX_1,HOBBIES_1,12,7.72,1,None,31,30,30,30.5,30.33,29
WI_1,HOBBIES_1,1,11.97,0,None,43,41,34,42.0,39.33,41
CA_2,FOODS_3,18,4.08,1,None,63,65,69,64.0,65.67,62
CA_2,HOBBIES_1,66,7.31,0,None,71,75,73,73.0,73.0,71
CA_2,FOODS_3,39,2.49,1,None,74,77,68,75.5,73.0,72
TX_1,HOUSEHOLD_1,32,11.22,0,None,19,21,17,20.0,19.0,18
TX_2,FOODS_2,35,3.59,1,None,79,80,79,79.5,79.33,79
WI_1,FOODS_3,29,5.5,0,None,50,57,45,53.5,50.67,52
TX_2,FOODS_1,29,2.4,0,None,67,64,73,65.5,68.0,69
CA_2,FOODS_2,63,7.21,0,None,69,69,73,69.0,70.33,71
TX_1,HOBBIES_1,59,5.79,0,Cultural,37,31,37,34.0,35.0,36
CA_2,FOODS_3,2,4.51,1,None,68,70,72,69.0,70.0,67
TX_2,FOODS_1,40,7.05,0,None,71,74,69,72.5,71.33,69
WI_1,FOODS_2,62,3.07,1,None,36,37,32,36.5,35.0,38
CA_2,HOUSEHOLD_1,56,10.82,0,None,44,42,41,43.0,42.33,44
WI_1,HOBBIES_1,13,9.11,0,None,50,53,56,51.5,53.0,48
TX_2,HOBBIES_1,45,4.67,1,National,10,12,18,11.0,13.33,12
CA_2,FOODS_2,23,2.45,1,None,68,71,69,69.5,69.33,67
CA_1,FOODS_2,19,11.3,1,Religious,66,65,69,65.5,66.67,67
TX_1,HOBBIES_1,20,9.27,1,None,30,36,28,33.0,31.33,31
CA_2,FOODS_3,25,10.11,1,None,70,74,78,72.0,74.0,70
TX_2,FOODS_2,33,10.15,1,None,81,77,74,79.0,77.33,80
CA_2,HOUSEHOLD_1,50,11.75,1,None,40,47,50,43.5,45.67,42
TX_1,FOODS_2,17,10.72,0,None,55,53,47,54.0,51.67,53
WI_1,FOODS_1,59,8.64,1,None,77,79,84,78.0,80.0,78
WI_1,FOODS_3,21,6.94,0,None,49,50,52,49.5,50.33,47
TX_2,HOUSEHOLD_1,22,2.57,0,None,46,46,52,46.0,48.0,44
TX_1,FOODS_2,45,4.11,0,None,61,65,60,63.0,62.0,62
WI_1,FOODS_1,38,11.06,1,None,79,75,82,77.0,78.67,78
TX_1,HOBBIES_1,38,10.02,0,None,35,33,36,34.0,34.67,33
CA_1,FOODS_3,53,8.28,0,None,77,72,72,74.5,73.67,75
CA_2,FOODS_1,8,3.83,1,None,77,73,76,75.0,75.33,76
TX_1,FOODS_1,25,10.48,0,None,17,13,14,15.0,14.67,16
TX_1,FOODS_2,24,4.0,1,National,56,62,59,59.0,59.0,58
CA_2,FOODS_1,13,2.53,0,None,81,80,83,80.5,81.33,80
CA_2,HOUSEHOLD_1,74,5.98,1,None,47,47,42,47.0,45.33,47
WI_1,HOBBIES_1,3,3.2,0,None,44,39,36,41.5,39.67,44
TX_2,FOODS_2,10,3.55,0,None,76,78,72,77.0,75.33,75
TX_1,HOBBIES_1,28,5.56,0,None,34,30,25,32.0,29.67,33
CA_2,HOBBIES_1,27,4.89,0,None,58,54,50,56.0,54.0,58
WI_1,HOBBIES_1,50,3.42,0,None,52,51,45,51.5,49.33,50
CA_2,FOODS_3,74,8.67,0,None,74,70,69,72.0,71.0,72
WI_1,FOODS_3,69,9.07,0,None,47,48,42,47.5,45.67,49
TX_1,FOODS_3,37,6.19,1,None,87,86,87,86.5,86.67,87
WI_1,FOODS_1,31,6.31,1,None,76,78,81,77.0,78.33,76
CA_2,HOUSEHOLD_1,33,2.16,0,None,40,45,37,42.5,40.67,41
CA_2,HOBBIES_1,68,6.01,0,None,72,67,65,69.5,68.0,70
CA_1,FOODS_2,22,9.0,1,None,65,65,68,65.0,66.0,66
TX_1,FOODS_1,35,6.69,1,None,20,17,19,18.5,18.67,19
WI_1,FOODS_3,58,1.94,0,None,53,53,60,53.0,55.33,53
WI_1,FOODS_1,58,10.13,0,None,78,80,85,79.0,81.0,80
CA_2,FOODS_1,22,9.55,1,None,79,84,85,81.5,82.67,79
CA_2,FOODS_2,41,11.83,0,None,68,68,68,68.0,68.0,66
TX_1,HOBBIES_1,71,2.48,0,None,32,33,31,32.5,32.0,32
TX_1,HOBBIES_1,56,8.92,1,None,34,34,33,34.0,33.67,33
TX_1,FOODS_3,6,10.3,1,None,76,76,69,76.0,73.67,77
TX_1,FOODS_1,10,8.62,0,None,16,11,9,13.5,12.0,16
CA_1,FOODS_3,47,8.98,1,None,73,76,68,74.5,72.33,73
CA_1,FOODS_2,58,7.87,1,None,63,62,60,62.5,61.67,64
TX_1,HOBBIES_1,51,3.23,1,None,26,32,28,29.0,28.67,28
CA_1,FOODS_1,41,8.28,0,None,39,38,45,38.5,40.67,41
TX_1,HOBBIES_1,17,4.19,1,None,28,29,23,28.5,26.67,26
CA_1,FOODS_3,77,7.18,0,None,72,72,62,72.0,68.67,70
TX_2,HOUSEHOLD_1,51,9.74,1,None,53,50,52,51.5,51.67,53
CA_1,HOUSEHOLD_1,71,11.83,1,None,54,52,44,53.0,50.0,52
CA_1,HOBBIES_1,58,3.85,0,None,44,43,45,43.5,44.0,42
CA_2,FOODS_1,34,9.9,0,None,84,81,79,82.5,81.33,83
WI_1,FOODS_3,5,11.86,1,None,49,51,46,50.0,48.67,48
CA_2,FOODS_1,7,4.74,0,Religious,82,84,78,83.0,81.33,81
CA_2,FOODS_3,54,4.95,0,None,76,70,77,73.0,74.33,74
TX_2,HOUSEHOLD_1,60,3.93,0,None,50,53,50,51.5,51.0,48
TX_2,FOODS_1,8,5.11,1,Cultural,71,72,63,71.5,68.67,69
TX_1,HOUSEHOLD_1,9,2.79,0,Cultural,13,13,7,13.0,11.0,13
TX_2,HOUSEHOLD_1,33,4.63,0,None,50,51,49,50.5,50.0,49
CA_2,HOBBIES_1,32,6.23,0,None,60,65,56,62.5,60.33,60
TX_1,HOUSEHOLD_1,75,3.75,0,Cultural,17,14,22,15.5,17.67,16
TX_2,FOODS_3,59,9.39,0,None,20,19,17,19.5,18.67,18
CA_2,FOODS_2,59,9.63,1,None,75,77,65,76.0,72.33,73
CA_1,FOODS_1,65,2.68,0,None,41,36,43,38.5,40.0,41
CA_1,FOODS_1,15,1.65,0,None,34,37,39,35.5,36.67,34
TX_2,FOODS_1,26,10.76,0,None,67,72,72,69.5,70.33,67
TX_1,HOBBIES_1,64,5.96,0,None,34,38,36,36.0,36.0,33
CA_2,FOODS_2,31,3.42,0,None,71,74,73,72.5,72.67,73
CA_1,HOUSEHOLD_1,72,2.01,0,None,51,52,59,51.5,54.0,51
CA_1,FOODS_3,34,5.53,1,None,67,60,60,63.5,62.33,65
CA_2,HOUSEHOLD_1,71,2.83,1,None,42,39,50,40.5,43.67,43
CA_1,FOODS_3,63,4.52,0,None,70,65,65,67.5,66.67,70
TX_1,FOODS_1,22,5.34,0,None,21,24,25,22.5,23.33,22
TX_1,HOBBIES_1,76,7.85,0,None,29,30,28,29.5,29.0,31
TX_1,FOODS_2,32,10.67,0,None,58,59,60,58.5,59.0,56
CA_1,HOUSEHOLD_1,30,1.76,1,None,54,49,48,51.5,50.33,53
WI_1,HOBBIES_1,2,4.67,0,None,45,50,50,47.5,48.33,47
CA_2,HOUSEHOLD_1,27,1.77,1,None,43,44,40,43.5,42.33,45
WI_1,FOODS_3,55,3.94,1,None,55,51,53,53.0,53.0,55
CA_1,HOBBIES_1,65,9.09,1,None,40,40,44,40.0,41.33,42
WI_1,FOODS_3,32,2.51,0,None,51,49,49,50.0,49.67,53
TX_1,HOBBIES_1,16,6.98,1,None,35,34,33,34.5,34.0,34
TX_2,FOODS_2,44,4.1,0,None,76,78,73,77.0,75.67,77
WI_1,FOODS_3,57,9.78,0,None,53,50,49,51.5,50.67,53
TX_2,HOUSEHOLD_1,23,5.15,0,Cultural,49,48,42,48.5,46.33,48
CA_2,FOODS_1,71,2.0,0,None,95,95,89,95.0,93.0,93
WI_1,HOUSEHOLD_1,74,8.41,0,None,82,80,78,81.0,80.0,82
TX_1,FOODS_1,46,10.35,0,None,20,21,24,20.5,21.67,22
CA_1,HOBBIES_1,39,2.85,1,None,37,36,37,36.5,36.67,35
TX_1,FOODS_3,72,5.46,0,None,84,83,87,83.5,84.67,84
CA_1,FOODS_3,48,9.72,0,None,76,76,75,76.0,75.67,75
CA_1,FOODS_3,8,10.06,0,None,69,68,69,68.5,68.67,69
WI_1,FOODS_1,40,10.83,0,None,71,72,80,71.5,74.33,72
CA_2,HOUSEHOLD_1,37,7.78,0,None,43,46,50,44.5,46.33,45
CA_2,FOODS_1,17,10.72,0,None,83,80,82,81.5,81.67,81
CA_2,HOUSEHOLD_1,10,10.85,0,None,51,56,52,53.5,53.0,53
TX_2,HOUSEHOLD_1,38,10.76,0,National,40,44,36,42.0,40.0,42
WI_1,HOBBIES_1,25,7.19,0,Cultural,46,50,48,48.0,48.0,48
TX_1,HOUSEHOLD_1,52,2.13,0,None,22,20,28,21.0,23.33,20
CA_2,FOODS_3,27,5.91,0,None,69,65,63,67.0,65.67,68
TX_2,HOBBIES_1,28,3.01,1,None,18,22,22,20.0,20.67,17
TX_1,HOBBIES_1,21,1.72,1,Cultural,29,26,32,27.5,29.0,30
TX_1,HOBBIES_1,25,7.85,0,None,24,25,22,24.5,23.67,25
TX_2,HOBBIES_1,26,2.8,0,None,13,10,18,11.5,13.67,11
WI_1,FOODS_1,46,11.67,1,Religious,80,76,85,78.0,80.33,81
TX_1,HOUSEHOLD_1,27,9.29,0,None,21,25,15,23.0,20.33,21
CA_1,FOODS_3,52,4.81,0,None,69,70,76,69.5,71.67,68
CA_1,FOODS_1,35,3.48,1,None,39,42,45,40.5,42.0,40
TX_1,FOODS_1,6,8.34,0,None,15,12,22,13.5,16.33,17
CA_2,FOODS_2,47,11.98,0,None,73,66,75,69.5,71.33,71
TX_2,HOBBIES_1,66,6.41,1,None,13,7,7,10.0,9.0,11
TX_2,HOUSEHOLD_1,16,4.56,0,None,49,46,56,47.5,50.33,48
WI_1,HOUSEHOLD_1,48,5.42,0,None,78,76,78,77.0,77.33,78
TX_2,HOBBIES_1,5,6.4,0,None,12,10,8,11.0,10.0,14
CA_1,FOODS_2,15,3.19,0,None,68,67,73,67.5,69.33,68
TX_2,FOODS_3,55,11.53,0,None,28,24,19,26.0,23.67,27
TX_1,FOODS_2,51,8.57,0,None,58,57,63,57.5,59.33,60
CA_2,FOODS_3,26,2.69,1,None,69,71,59,70.0,66.33,67
TX_2,FOODS_3,61,7.8,0,None,24,19,27,21.5,23.33,23
TX_1,FOODS_1,7,7.42,0,None,17,13,26,15.0,18.67,18
CA_1,HOBBIES_1,11,7.63,1,None,34,38,27,36.0,33.0,34
CA_1,FOODS_1,14,4.22,0,None,35,38,30,36.5,34.33,37
CA_1,HOUSEHOLD_1,8,3.92,1,None,46,45,43,45.5,44.67,44
CA_2,FOODS_3,62,4.62,0,Religious,68,75,78,71.5,73.67,70
CA_2,FOODS_1,3,3.19,1,None,82,76,72,79.0,76.67,80
TX_2,FOODS_2,66,10.85,0,None,77,80,72,78.5,76.33,78
CA_1,FOODS_3,13,1.85,0,Religious,62,58,57,60.0,59.0,63
TX_1,FOODS_1,71,10.63,0,None,17,13,18,15.0,16.0,18
CA_1,FOODS_1,21,3.76,0,Cultural,35,39,27,37.0,33.67,34
CA_2,HOBBIES_1,31,8.56,0,National,69,69,74,69.0,70.67,68
WI_1,HOBBIES_1,72,8.83,0,None,55,55,52,55.0,54.0,57
TX_2,HOUSEHOLD_1,46,2.13,0,None,49,54,53,51.5,52.0,49
TX_1,HOUSEHOLD_1,77,6.99,0,None,21,21,18,21.0,20.0,22
TX_2,HOUSEHOLD_1,66,6.55,0,None,50,50,43,50.0,47.67,51
TX_1,FOODS_1,62,8.11,0,None,17,19,23,18.0,19.67,17
TX_2,FOODS_2,36,6.22,0,None,77,71,73,74.0,73.67,76
WI_1,FOODS_1,51,4.01,0,None,84,86,77,85.0,82.33,84
CA_2,FOODS_3,24,2.6,0,None,73,68,72,70.5,71.0,71
WI_1,HOUSEHOLD_1,29,1.51,0,None,79,78,73,78.5,76.67,80
CA_2,HOBBIES_1,71,9.42,1,National,68,71,72,69.5,70.33,67
TX_1,FOODS_3,34,6.2,0,National,88,83,91,85.5,87.33,86
CA_1,FOODS_3,36,2.66,0,Cultural,65,64,73,64.5,67.33,66
WI_1,HOBBIES_1,36,5.59,1,None,44,42,43,43.0,43.0,45
TX_1,FOODS_3,52,5.81,0,None,83,82,82,82.5,82.33,85
CA_2,HOUSEHOLD_1,7,8.76,0,None,45,48,50,46.5,47.67,44
TX_2,HOUSEHOLD_1,37,7.05,0,None,45,42,47,43.5,44.67,46
WI_1,FOODS_3,12,11.33,0,None,47,43,40,45.0,43.33,47
CA_2,FOODS_2,49,2.49,0,None,73,70,71,71.5,71.33,72
TX_1,HOUSEHOLD_1,5,11.39,0,None,18,20,17,19.0,18.33,20
CA_2,FOODS_2,13,2.87,0,None,61,60,55,60.5,58.67,63
WI_1,FOODS_1,45,10.24,0,None,75,72,70,73.5,72.33,77
TX_1,FOODS_2,10,10.32,0,None,50,50,58,50.0,52.67,51
CA_2,HOUSEHOLD_1,55,10.51,0,None,45,43,43,44.0,43.67,46
CA_1,HOBBIES_1,22,11.39,0,None,30,28,26,29.0,28.0,30
CA_1,FOODS_1,22,3.91,1,National,39,32,29,35.5,33.33,37
TX_2,FOODS_3,29,7.18,0,None,24,21,24,22.5,23.0,25
CA_2,FOODS_1,75,10.83,0,None,85,84,84,84.5,84.33,87
TX_2,FOODS_1,30,7.17,1,Cultural,78,71,69,74.5,72.67,76
CA_1,HOBBIES_1,46,8.38,1,None,44,44,42,44.0,43.33,42
TX_1,FOODS_3,32,5.07,0,None,78,82,74,80.0,78.0,77
TX_2,FOODS_1,61,7.44,1,None,75,73,67,74.0,71.67,74
CA_2,FOODS_1,1,2.78,1,None,76,80,68,78.0,74.67,76
TX_1,FOODS_1,36,10.73,0,None,22,25,19,23.5,22.0,20
TX_2,HOBBIES_1,52,9.37,0,None,8,6,6,7.0,6.67,8
TX_2,HOUSEHOLD_1,53,7.31,0,None,51,56,50,53.5,52.33,53
CA_1,HOUSEHOLD_1,36,7.8,0,None,51,49,52,50.0,50.67,52
CA_2,HOUSEHOLD_1,77,10.32,0,None,44,44,42,44.0,43.33,44
TX_2,FOODS_3,24,5.36,0,None,18,22,10,20.0,16.67,18
WI_1,FOODS_2,69,9.45,1,None,40,34,46,37.0,40.0,39
CA_1,FOODS_2,54,11.44,0,None,70,74,62,72.0,68.67,70
WI_1,FOODS_2,71,6.95,0,Cultural,41,39,48,40.0,42.67,43
TX_1,FOODS_2,25,5.37,0,None,57,52,59,54.5,56.0,55
TX_1,HOUSEHOLD_1,46,11.35,0,None,18,20,14,19.0,17.33,18
TX_2,HOBBIES_1,11,2.31,0,None,16,18,22,17.0,18.67,16
CA_1,FOODS_2,11,11.84,1,None,63,64,60,63.5,62.33,65
TX_2,HOUSEHOLD_1,20,7.11,1,None,45,43,38,44.0,42.0,44
CA_1,HOUSEHOLD_1,23,11.49,1,None,45,50,43,47.5,46.0,46
TX_2,FOODS_2,7,4.22,0,None,73,74,65,73.5,70.67,72
CA_2,FOODS_2,5,7.96,0,None,69,68,64,68.5,67.0,68
CA_1,FOODS_2,45,10.03,0,None,68,73,70,70.5,70.33,70
WI_1,FOODS_2,22,6.96,0,Religious,35,30,37,32.5,34.0,34
TX_1,HOBBIES_1,44,9.6,1,None,30,35,29,32.5,31.33,30
WI_1,FOODS_3,31,3.46,0,None,51,52,54,51.5,52.33,53
TX_1,HOUSEHOLD_1,18,2.62,0,None,14,12,21,13.0,15.67,15
TX_1,HOUSEHOLD_1,53,2.33,1,None,22,17,21,19.5,20.0,20
TX_2,FOODS_2,63,1.72,0,Religious,87,86,89,86.5,87.33,86
TX_1,FOODS_2,14,11.49,1,None,60,60,60,60.0,60.0,58
TX_2,HOBBIES_1,74,3.59,0,None,18,21,24,19.5,21.0,16
TX_1,HOUSEHOLD_1,49,10.9,1,None,19,14,10,16.5,14.33,18
